cfg,label,reason,traceback
C:\Users\hafizna.fadhli\Downloads\36. DFR GANGGUAN UIT JBT\raw_data\UPT BANDUNG\2024\04. APRIL\23042024_GI PDLRU_JTLHUR 1_PETIR\April\20240423_015038_330_r065.cfg,PETIR,'DistanceFeatures' object has no attribute 'fault_duration_ms',"s\36. DFR GANGGUAN UIT JBT\pipeline\batch_extract.py"", line 147, in flatten_features
    d[""duration_ok""] = feat.fault_duration_ms >= 5.0
                       ^^^^^^^^^^^^^^^^^^^^^^
AttributeError: 'DistanceFeatures' object has no attribute 'fault_duration_ms'. Did you mean: 'record_duration_ms'?
"
C:\Users\hafizna.fadhli\Downloads\36. DFR GANGGUAN UIT JBT\raw_data\UPT BANDUNG\2024\04. APRIL\23042024_GI PDLRU_JTLHUR 1_PETIR\April\20240424_141119_118_r092.cfg,PETIR,protection=UNKNOWN,
C:\Users\hafizna.fadhli\Downloads\36. DFR GANGGUAN UIT JBT\raw_data\UPT BANDUNG\2024\04. APRIL\24042024_GI CGRLG_MJLYA 2_PETIR\April\20240423_015038_330_r065.cfg,PETIR,'DistanceFeatures' object has no attribute 'fault_duration_ms',"s\36. DFR GANGGUAN UIT JBT\pipeline\batch_extract.py"", line 147, in flatten_features
    d[""duration_ok""] = feat.fault_duration_ms >= 5.0
                       ^^^^^^^^^^^^^^^^^^^^^^
AttributeError: 'DistanceFeatures' object has no attribute 'fault_duration_ms'. Did you mean: 'record_duration_ms'?
"
C:\Users\hafizna.fadhli\Downloads\36. DFR GANGGUAN UIT JBT\raw_data\UPT BANDUNG\2024\04. APRIL\24042024_GI CGRLG_MJLYA 2_PETIR\April\20240424_141119_118_r092.cfg,PETIR,protection=UNKNOWN,
C:\Users\hafizna.fadhli\Downloads\36. DFR GANGGUAN UIT JBT\raw_data\UPT BANDUNG\2024\04. APRIL\24042024_GI MJLYA_CGRLG 2_PETIR\20240424_140910_746_r245.cfg,PETIR,'DistanceFeatures' object has no attribute 'fault_duration_ms',"s\36. DFR GANGGUAN UIT JBT\pipeline\batch_extract.py"", line 147, in flatten_features
    d[""duration_ok""] = feat.fault_duration_ms >= 5.0
                       ^^^^^^^^^^^^^^^^^^^^^^
AttributeError: 'DistanceFeatures' object has no attribute 'fault_duration_ms'. Did you mean: 'record_duration_ms'?
"
C:\Users\hafizna.fadhli\Downloads\36. DFR GANGGUAN UIT JBT\raw_data\UPT BANDUNG\2024\06. JUNI\04062024_GI SMDNG_UBRNG 1_LAYANG-LAYANG\04062024\20240604_132402_186_r174.cfg,LAYANG,'DistanceFeatures' object has no attribute 'fault_duration_ms',"s\36. DFR GANGGUAN UIT JBT\pipeline\batch_extract.py"", line 147, in flatten_features
    d[""duration_ok""] = feat.fault_duration_ms >= 5.0
                       ^^^^^^^^^^^^^^^^^^^^^^
AttributeError: 'DistanceFeatures' object has no attribute 'fault_duration_ms'. Did you mean: 'record_duration_ms'?
"
C:\Users\hafizna.fadhli\Downloads\36. DFR GANGGUAN UIT JBT\raw_data\UPT BANDUNG\2024\06. JUNI\04062024_GI UBRNG_SMDNG 1_LAYANG-LAYANG\04062024\20240604_132402_186_r174.cfg,LAYANG,'DistanceFeatures' object has no attribute 'fault_duration_ms',"s\36. DFR GANGGUAN UIT JBT\pipeline\batch_extract.py"", line 147, in flatten_features
    d[""duration_ok""] = feat.fault_duration_ms >= 5.0
                       ^^^^^^^^^^^^^^^^^^^^^^
AttributeError: 'DistanceFeatures' object has no attribute 'fault_duration_ms'. Did you mean: 'record_duration_ms'?
"
C:\Users\hafizna.fadhli\Downloads\36. DFR GANGGUAN UIT JBT\raw_data\UPT BANDUNG\2024\11. NOVEMBER\REKAMAN GANGGUAN BDSLN-DEPOK MAIN A 15-11-2024_PETIR\REKAMAN GANGGUAN BDSLN-DEPOK MAIN A 15-11-2024\28_1511202465026310_FRA00028.CFG,PETIR,protection=UNKNOWN,
C:\Users\hafizna.fadhli\Downloads\36. DFR GANGGUAN UIT JBT\raw_data\UPT BANDUNG\2024\11. NOVEMBER\REKAMAN GANGGUAN BDSLN-DEPOK MAIN A 15-11-2024_PETIR\REKAMAN GANGGUAN BDSLN-DEPOK MAIN A 15-11-2024\29_1511202465027983_FRA00029.CFG,PETIR,protection=UNKNOWN,
C:\Users\hafizna.fadhli\Downloads\36. DFR GANGGUAN UIT JBT\raw_data\UPT BANDUNG\2024\11. NOVEMBER\REKAMAN GANGGUAN BDSLN-DEPOK MAIN A 15-11-2024_PETIR\REKAMAN GANGGUAN BDSLN-DEPOK MAIN A 15-11-2024\30_1511202465033983_FRA00030.CFG,PETIR,no fault detected,
C:\Users\hafizna.fadhli\Downloads\36. DFR GANGGUAN UIT JBT\raw_data\UPT BANDUNG\2024\11. NOVEMBER\REKAMAN GANGGUAN BDSLN-DEPOK MAIN A 15-11-2024_PETIR\REKAMAN GANGGUAN BDSLN-DEPOK MAIN A 15-11-2024\31_1511202465037958_FRA00031.CFG,PETIR,no fault detected,
C:\Users\hafizna.fadhli\Downloads\36. DFR GANGGUAN UIT JBT\raw_data\UPT BANDUNG\2024\11. NOVEMBER\REKAMAN GANGGUAN BDSLN-DEPOK MAIN A 15-11-2024_PETIR\REKAMAN GANGGUAN BDSLN-DEPOK MAIN A 15-11-2024\32_151120247341358_FRA00032.CFG,PETIR,protection=UNKNOWN,
C:\Users\hafizna.fadhli\Downloads\36. DFR GANGGUAN UIT JBT\raw_data\UPT BANDUNG\2024\11. NOVEMBER\REKAMAN GANGGUAN BDSLN-DEPOK MAIN A 15-11-2024_PETIR\REKAMAN GANGGUAN BDSLN-DEPOK MAIN A 15-11-2024\Gangguan GITET BDSLN - DEPOK 15-11-2024.CFG,PETIR,protection=DIRECTIONAL_EF,
C:\Users\hafizna.fadhli\Downloads\36. DFR GANGGUAN UIT JBT\raw_data\UPT BANDUNG\2024\11. NOVEMBER\REKAMAN GANGGUAN BDSLN-DEPOK MAIN B 15-11-2024_PETIR\REKAMAN GANGGUAN BDSLN-DEPOK MAIN B 15-11-2024\DR BDSLN-DEPOK 15-11-2024.CFG,PETIR,parse returned None,
C:\Users\hafizna.fadhli\Downloads\36. DFR GANGGUAN UIT JBT\raw_data\UPT BANDUNG\2024\11. NOVEMBER\REKAMAN GANGGUAN BDSLN-DEPOK MAIN B 15-11-2024_PETIR\REKAMAN GANGGUAN BDSLN-DEPOK MAIN B 15-11-2024\DR BDSLN-DEPOK MAIN B KE 2.CFG,PETIR,parse returned None,
C:\Users\hafizna.fadhli\Downloads\36. DFR GANGGUAN UIT JBT\raw_data\UPT BANDUNG\2025\02. FEBRUARI\ULTG BDBS\20250224_GI CIKALONG_BAY CIGERELENG#2_PETIR1.CFG,PETIR,'DistanceFeatures' object has no attribute 'fault_duration_ms',"s\36. DFR GANGGUAN UIT JBT\pipeline\batch_extract.py"", line 147, in flatten_features
    d[""duration_ok""] = feat.fault_duration_ms >= 5.0
                       ^^^^^^^^^^^^^^^^^^^^^^
AttributeError: 'DistanceFeatures' object has no attribute 'fault_duration_ms'. Did you mean: 'record_duration_ms'?
"
C:\Users\hafizna.fadhli\Downloads\36. DFR GANGGUAN UIT JBT\raw_data\UPT BANDUNG\2025\02. FEBRUARI\ULTG BDBS\20250224_GI CIKALONG_BAY CIGERELENG#2_PETIR2.CFG,PETIR,'DistanceFeatures' object has no attribute 'fault_duration_ms',"s\36. DFR GANGGUAN UIT JBT\pipeline\batch_extract.py"", line 147, in flatten_features
    d[""duration_ok""] = feat.fault_duration_ms >= 5.0
                       ^^^^^^^^^^^^^^^^^^^^^^
AttributeError: 'DistanceFeatures' object has no attribute 'fault_duration_ms'. Did you mean: 'record_duration_ms'?
"
C:\Users\hafizna.fadhli\Downloads\36. DFR GANGGUAN UIT JBT\raw_data\UPT BEKASI\2024\Apr 2024\20240401_Reclose Juishin - Cileungsi_Petir BFO\010424\FR000001.cfg,PETIR,protection=UNKNOWN,
C:\Users\hafizna.fadhli\Downloads\36. DFR GANGGUAN UIT JBT\raw_data\UPT BEKASI\2024\Apr 2024\20240401_Reclose Juishin - Cileungsi_Petir BFO\Reclose_Bay_Juishin_phasa_T_01042024\Reclose_Bay_Juishin_phasa_T_01042024.CFG,PETIR,protection=UNKNOWN,
C:\Users\hafizna.fadhli\Downloads\36. DFR GANGGUAN UIT JBT\raw_data\UPT BEKASI\2024\Feb 2024\01022024 Reclose Cibatu bay Cileungsi_PETIR\Bay_Cibatu_Reclose_Phasa_S_01022024\Cibatu_Reclose_PhS_01022024.CFG,PETIR,protection=UNKNOWN,
C:\Users\hafizna.fadhli\Downloads\36. DFR GANGGUAN UIT JBT\raw_data\UPT BEKASI\2024\Feb 2024\25022024 Reclose Juishin - Cileungsi_PETIR\GI Cileungsi Reclose bay Juishin Phasa R 26 Feb 2024\reclose juishin phasa r\Reclose_Bay_Juishin_phasa_R_25022024.CFG,PETIR,protection=UNKNOWN,
"C:\Users\hafizna.fadhli\Downloads\36. DFR GANGGUAN UIT JBT\raw_data\UPT BOGOR\2025\02. FEBRUARI\20250202_GITET CIBINONG BAY DIAMETER 7A4 DAN 7AB4_PETIR\250201,195332798,+7h0,GITET CIBINONG,SGLNG 1-IBT 1,Qualitrol LLC.cfg",PETIR,protection=UNKNOWN,
C:\Users\hafizna.fadhli\Downloads\36. DFR GANGGUAN UIT JBT\raw_data\UPT BOGOR\2025\02. FEBRUARI\20250225_GI CIBADAK BARU BAY PRATU#1_PETIR\GGN200225 OK.CFG,PETIR,'DistanceFeatures' object has no attribute 'fault_duration_ms',"s\36. DFR GANGGUAN UIT JBT\pipeline\batch_extract.py"", line 147, in flatten_features
    d[""duration_ok""] = feat.fault_duration_ms >= 5.0
                       ^^^^^^^^^^^^^^^^^^^^^^
AttributeError: 'DistanceFeatures' object has no attribute 'fault_duration_ms'. Did you mean: 'record_duration_ms'?
"
C:\Users\hafizna.fadhli\Downloads\36. DFR GANGGUAN UIT JBT\raw_data\UPT BOGOR\2025\02. FEBRUARI\20250225_GI CIBADAK BARU BAY PRATU#1_PETIR\Tuesday 25 February 2025 19.21.25.000.CFG,PETIR,'DistanceFeatures' object has no attribute 'fault_duration_ms',"s\36. DFR GANGGUAN UIT JBT\pipeline\batch_extract.py"", line 147, in flatten_features
    d[""duration_ok""] = feat.fault_duration_ms >= 5.0
                       ^^^^^^^^^^^^^^^^^^^^^^
AttributeError: 'DistanceFeatures' object has no attribute 'fault_duration_ms'. Did you mean: 'record_duration_ms'?
"
C:\Users\hafizna.fadhli\Downloads\36. DFR GANGGUAN UIT JBT\raw_data\UPT BOGOR\2025\02. FEBRUARI\20250225_GIS PRATU BAY CIBADAK BARU#1_PETIR\250225.CFG,PETIR,'DistanceFeatures' object has no attribute 'fault_duration_ms',"s\36. DFR GANGGUAN UIT JBT\pipeline\batch_extract.py"", line 147, in flatten_features
    d[""duration_ok""] = feat.fault_duration_ms >= 5.0
                       ^^^^^^^^^^^^^^^^^^^^^^
AttributeError: 'DistanceFeatures' object has no attribute 'fault_duration_ms'. Did you mean: 'record_duration_ms'?
"
"C:\Users\hafizna.fadhli\Downloads\36. DFR GANGGUAN UIT JBT\raw_data\UPT CIREBON\2024\01. JANUARI\01. 20240102 RECLOSE SRAGI-ARJWN 1,2 (2 JAN 2024)_PETIR\GI SRAGI\PHT. 1\PCS900_RCD_01065_20240102_212020_415.CFG",PETIR,protection=UNKNOWN,
"C:\Users\hafizna.fadhli\Downloads\36. DFR GANGGUAN UIT JBT\raw_data\UPT CIREBON\2024\01. JANUARI\01. 20240102 RECLOSE SRAGI-ARJWN 1,2 (2 JAN 2024)_PETIR\GI SRAGI\PHT. 2\Tuesday 02 January 2024 21.30.27.000.CFG",PETIR,protection=UNKNOWN,
C:\Users\hafizna.fadhli\Downloads\36. DFR GANGGUAN UIT JBT\raw_data\UPT CIREBON\2024\01. JANUARI\04. RECLOSE JTGEDE-RCEKEK 2 (9 JAN 2024)_PETIR\GI JATIGEDE\PHT 2\PCS900_RCD_01330_20240109_165250_112.CFG,PETIR,protection=UNKNOWN,
"C:\Users\hafizna.fadhli\Downloads\36. DFR GANGGUAN UIT JBT\raw_data\UPT CIREBON\2024\01. JANUARI\05. RECLOSE MDRCN-SRAGI 1,2 (11 JAN 2024)_PETIR\GI MDRCN\DFR EKSTERNAL SRAGI 1,2\ZQ79.cfg",PETIR,'DistanceFeatures' object has no attribute 'fault_duration_ms',"s\36. DFR GANGGUAN UIT JBT\pipeline\batch_extract.py"", line 147, in flatten_features
    d[""duration_ok""] = feat.fault_duration_ms >= 5.0
                       ^^^^^^^^^^^^^^^^^^^^^^
AttributeError: 'DistanceFeatures' object has no attribute 'fault_duration_ms'. Did you mean: 'record_duration_ms'?
"
C:\Users\hafizna.fadhli\Downloads\36. DFR GANGGUAN UIT JBT\raw_data\UPT CIREBON\2024\01. JANUARI\10. RECLOSE JTGEDE-RCEKEK 2 (31 JAN 2024)_PETIR\GI JATIGEDE\PCS900_RCD_01331_20240131_154628_272.CFG,PETIR,protection=UNKNOWN,
C:\Users\hafizna.fadhli\Downloads\36. DFR GANGGUAN UIT JBT\raw_data\UPT CIREBON\2024\01. JANUARI\11. RECLOSE PRKAN-SMDG 2 (31 JAN 2024)_PETIR\GI SUMEDANG\PRKAN 2\20240131_153214_721_r088(1).cfg,PETIR,'DistanceFeatures' object has no attribute 'fault_duration_ms',"s\36. DFR GANGGUAN UIT JBT\pipeline\batch_extract.py"", line 147, in flatten_features
    d[""duration_ok""] = feat.fault_duration_ms >= 5.0
                       ^^^^^^^^^^^^^^^^^^^^^^
AttributeError: 'DistanceFeatures' object has no attribute 'fault_duration_ms'. Did you mean: 'record_duration_ms'?
"
C:\Users\hafizna.fadhli\Downloads\36. DFR GANGGUAN UIT JBT\raw_data\UPT CIREBON\2024\01. JANUARI\11. RECLOSE PRKAN-SMDG 2 (31 JAN 2024)_PETIR\GI SUMEDANG\PRKAN 2\20240131_153214_721_r088.cfg,PETIR,'DistanceFeatures' object has no attribute 'fault_duration_ms',"s\36. DFR GANGGUAN UIT JBT\pipeline\batch_extract.py"", line 147, in flatten_features
    d[""duration_ok""] = feat.fault_duration_ms >= 5.0
                       ^^^^^^^^^^^^^^^^^^^^^^
AttributeError: 'DistanceFeatures' object has no attribute 'fault_duration_ms'. Did you mean: 'record_duration_ms'?
"
C:\Users\hafizna.fadhli\Downloads\36. DFR GANGGUAN UIT JBT\raw_data\UPT CIREBON\2024\02. FEBRUARI\03. RECLOSE JTGEDE-RCEKEK 2 (2 FEB 2024)_PETIR\REKAMAN DFR\PHT 2\PCS900_RCD_01332_20240202_135147_479.CFG,PETIR,protection=UNKNOWN,
C:\Users\hafizna.fadhli\Downloads\36. DFR GANGGUAN UIT JBT\raw_data\UPT CIREBON\2024\02. FEBRUARI\04. RECLOSE SRAGI-ARJWN 2 (3 FEB 2024)_PETIR\REKAMAN DFR\GI SUNYARAGI\Saturday 03 February 2024 17.48.03.000.CFG,PETIR,protection=UNKNOWN,
C:\Users\hafizna.fadhli\Downloads\36. DFR GANGGUAN UIT JBT\raw_data\UPT CIREBON\2024\02. FEBRUARI\07. RECLOSE KNCI-BREBES 1 (11 FEB 2024)_PETIR\REKAMAN DFR\GI KANCI\OCR CEP 2.CFG,PETIR,protection=UNKNOWN,
C:\Users\hafizna.fadhli\Downloads\36. DFR GANGGUAN UIT JBT\raw_data\UPT CIREBON\2024\02. FEBRUARI\08. RECLOSE JTGEDE-RCEKEK 2 (17 FEB 2024)_PETIR\REKAMAN DFR\GI JATIGEDE\D50_RCD_01016_20240217_142420_372.cfg,PETIR,protection=UNKNOWN,
C:\Users\hafizna.fadhli\Downloads\36. DFR GANGGUAN UIT JBT\raw_data\UPT CIREBON\2024\02. FEBRUARI\08. RECLOSE JTGEDE-RCEKEK 2 (17 FEB 2024)_PETIR\REKAMAN DFR\GI JATIGEDE\DFR INTERNAL BAY RANCAKEK 2\rckek 2 (dfr internal).CFG,PETIR,parse returned None,
C:\Users\hafizna.fadhli\Downloads\36. DFR GANGGUAN UIT JBT\raw_data\UPT CIREBON\2024\02. FEBRUARI\08. RECLOSE JTGEDE-RCEKEK 2 (17 FEB 2024)_PETIR\REKAMAN DFR\GI RANCAEKEK\20240217_142408_276_r104.cfg,PETIR,'DistanceFeatures' object has no attribute 'fault_duration_ms',"s\36. DFR GANGGUAN UIT JBT\pipeline\batch_extract.py"", line 147, in flatten_features
    d[""duration_ok""] = feat.fault_duration_ms >= 5.0
                       ^^^^^^^^^^^^^^^^^^^^^^
AttributeError: 'DistanceFeatures' object has no attribute 'fault_duration_ms'. Did you mean: 'record_duration_ms'?
"
"C:\Users\hafizna.fadhli\Downloads\36. DFR GANGGUAN UIT JBT\raw_data\UPT CIREBON\2024\02. FEBRUARI\09 - RECLOSE SUKSES SUTET 500KV TASIKMALAYA-DEPOK (20 FEB 2024)_PETIR\DFR EKSTERNAL\240220,073645468,+7h0,GITET TASIK,DEPOK1-DEPOK2,Qualitrol LLC.cfg",PETIR,protection=UNKNOWN,
C:\Users\hafizna.fadhli\Downloads\36. DFR GANGGUAN UIT JBT\raw_data\UPT CIREBON\2024\02. FEBRUARI\09 - RECLOSE SUKSES SUTET 500KV TASIKMALAYA-DEPOK (20 FEB 2024)_PETIR\RELAY LINE DIFF\RELE MAIN B\371_202202473645559_FRA00371.CFG,PETIR,'DistanceFeatures' object has no attribute 'fault_duration_ms',"s\36. DFR GANGGUAN UIT JBT\pipeline\batch_extract.py"", line 147, in flatten_features
    d[""duration_ok""] = feat.fault_duration_ms >= 5.0
                       ^^^^^^^^^^^^^^^^^^^^^^
AttributeError: 'DistanceFeatures' object has no attribute 'fault_duration_ms'. Did you mean: 'record_duration_ms'?
"
C:\Users\hafizna.fadhli\Downloads\36. DFR GANGGUAN UIT JBT\raw_data\UPT CIREBON\2024\02. FEBRUARI\10 - RECLOSE SUKSES SUTT 70KV SUMADRA-SANTOSA (20 FEB 2024)_PETIR\RELAY DISTANCE\GI SANTOSA BAY SUMADRA\DR\Tuesday 20 February 2024 13.25.38.000.CFG,PETIR,'DistanceFeatures' object has no attribute 'fault_duration_ms',"s\36. DFR GANGGUAN UIT JBT\pipeline\batch_extract.py"", line 147, in flatten_features
    d[""duration_ok""] = feat.fault_duration_ms >= 5.0
                       ^^^^^^^^^^^^^^^^^^^^^^
AttributeError: 'DistanceFeatures' object has no attribute 'fault_duration_ms'. Did you mean: 'record_duration_ms'?
"
C:\Users\hafizna.fadhli\Downloads\36. DFR GANGGUAN UIT JBT\raw_data\UPT CIREBON\2024\02. FEBRUARI\10 - RECLOSE SUKSES SUTT 70KV SUMADRA-SANTOSA (20 FEB 2024)_PETIR\RELAY DISTANCE\Tuesday 20 February 2024 11.50.19.000.CFG,PETIR,'DistanceFeatures' object has no attribute 'fault_duration_ms',"s\36. DFR GANGGUAN UIT JBT\pipeline\batch_extract.py"", line 147, in flatten_features
    d[""duration_ok""] = feat.fault_duration_ms >= 5.0
                       ^^^^^^^^^^^^^^^^^^^^^^
AttributeError: 'DistanceFeatures' object has no attribute 'fault_duration_ms'. Did you mean: 'record_duration_ms'?
"
C:\Users\hafizna.fadhli\Downloads\36. DFR GANGGUAN UIT JBT\raw_data\UPT CIREBON\2024\02. FEBRUARI\15. RECLOSE BANJAR - PANGANDARAN 1 (24 FEB 2024)_PETIR\DFR Eksternal Bay Banjar 1\DFR Eksternal Bay Banjar 1.cfg,PETIR,protection=UNKNOWN,
C:\Users\hafizna.fadhli\Downloads\36. DFR GANGGUAN UIT JBT\raw_data\UPT CIREBON\2024\02. FEBRUARI\15. RECLOSE BANJAR - PANGANDARAN 1 (24 FEB 2024)_PETIR\DFR Eksternal Bay Pangandaran 1\DFR Eksternal Pangandaran 1.cfg,PETIR,protection=UNKNOWN,
C:\Users\hafizna.fadhli\Downloads\36. DFR GANGGUAN UIT JBT\raw_data\UPT CIREBON\2024\02. FEBRUARI\15. RECLOSE BANJAR - PANGANDARAN 1 (24 FEB 2024)_PETIR\DFR Internal Bay Pangandaran 1\RECLOSE PDRN 1 240223\Saturday 24 February 2024 16.46.44.000.CFG,PETIR,'DistanceFeatures' object has no attribute 'fault_duration_ms',"s\36. DFR GANGGUAN UIT JBT\pipeline\batch_extract.py"", line 147, in flatten_features
    d[""duration_ok""] = feat.fault_duration_ms >= 5.0
                       ^^^^^^^^^^^^^^^^^^^^^^
AttributeError: 'DistanceFeatures' object has no attribute 'fault_duration_ms'. Did you mean: 'record_duration_ms'?
"
C:\Users\hafizna.fadhli\Downloads\36. DFR GANGGUAN UIT JBT\raw_data\UPT CIREBON\2024\02. FEBRUARI\16. RECLOSE SUKSES SUTT 70 KV SUMADRA-PAMEUNGPEUK #1-2 (29 FEB 2024)_PETIR\RELAY DISTANCE\GI PMPEK BAY SMDRA 1\Thursday 29 February 2024 15.07.20.000.CFG,PETIR,protection=UNKNOWN,
C:\Users\hafizna.fadhli\Downloads\36. DFR GANGGUAN UIT JBT\raw_data\UPT CIREBON\2024\02. FEBRUARI\16. RECLOSE SUKSES SUTT 70 KV SUMADRA-PAMEUNGPEUK #1-2 (29 FEB 2024)_PETIR\RELAY DISTANCE\GI SMDRA BAY PMPEK 1\Thursday 29 February 2024 14.07.21.000.CFG,PETIR,'DistanceFeatures' object has no attribute 'fault_duration_ms',"s\36. DFR GANGGUAN UIT JBT\pipeline\batch_extract.py"", line 147, in flatten_features
    d[""duration_ok""] = feat.fault_duration_ms >= 5.0
                       ^^^^^^^^^^^^^^^^^^^^^^
AttributeError: 'DistanceFeatures' object has no attribute 'fault_duration_ms'. Did you mean: 'record_duration_ms'?
"
C:\Users\hafizna.fadhli\Downloads\36. DFR GANGGUAN UIT JBT\raw_data\UPT CIREBON\2024\02. FEBRUARI\16. RECLOSE SUKSES SUTT 70 KV SUMADRA-PAMEUNGPEUK #1-2 (29 FEB 2024)_PETIR\RELAY DISTANCE\GI SMDRA BAY PMPEK 2\Thursday 29 February 2024 14.26.34.001.CFG,PETIR,'DistanceFeatures' object has no attribute 'fault_duration_ms',"s\36. DFR GANGGUAN UIT JBT\pipeline\batch_extract.py"", line 147, in flatten_features
    d[""duration_ok""] = feat.fault_duration_ms >= 5.0
                       ^^^^^^^^^^^^^^^^^^^^^^
AttributeError: 'DistanceFeatures' object has no attribute 'fault_duration_ms'. Did you mean: 'record_duration_ms'?
"
C:\Users\hafizna.fadhli\Downloads\36. DFR GANGGUAN UIT JBT\raw_data\UPT CIREBON\2024\03. MARET\01 - RECLOSE SUKSES SUTT 70 KV SUMADRA-PAMEUNGPEUK #2 (07 MARET 2024)_PETIR\DFR EKSTERNAL\ZQ1E.cfg,PETIR,protection=UNKNOWN,
C:\Users\hafizna.fadhli\Downloads\36. DFR GANGGUAN UIT JBT\raw_data\UPT CIREBON\2024\03. MARET\01 - RECLOSE SUKSES SUTT 70 KV SUMADRA-PAMEUNGPEUK #2 (07 MARET 2024)_PETIR\RELAY DISTANCE\GI SUMADRA BAY PMPEK #2\Thursday 07 March 2024 12.41.09.000.CFG,PETIR,'DistanceFeatures' object has no attribute 'fault_duration_ms',"s\36. DFR GANGGUAN UIT JBT\pipeline\batch_extract.py"", line 147, in flatten_features
    d[""duration_ok""] = feat.fault_duration_ms >= 5.0
                       ^^^^^^^^^^^^^^^^^^^^^^
AttributeError: 'DistanceFeatures' object has no attribute 'fault_duration_ms'. Did you mean: 'record_duration_ms'?
"
C:\Users\hafizna.fadhli\Downloads\36. DFR GANGGUAN UIT JBT\raw_data\UPT CIREBON\2024\04. APRIL\06042024_GI KADIPATEN_BAY ARJAWIANGUN #1-2_PETIR\REKAMAN DFR\GI ARJAWINANGUN\PHT 1\KDPTN-1\20240406_133827_729_r178.cfg,PETIR,'DistanceFeatures' object has no attribute 'fault_duration_ms',"s\36. DFR GANGGUAN UIT JBT\pipeline\batch_extract.py"", line 147, in flatten_features
    d[""duration_ok""] = feat.fault_duration_ms >= 5.0
                       ^^^^^^^^^^^^^^^^^^^^^^
AttributeError: 'DistanceFeatures' object has no attribute 'fault_duration_ms'. Did you mean: 'record_duration_ms'?
"
C:\Users\hafizna.fadhli\Downloads\36. DFR GANGGUAN UIT JBT\raw_data\UPT CIREBON\2024\04. APRIL\08042024_GI SUNYARAGI_BAY KUNINGAN#1_PETIR\REKAMAN DFR\GI KUNINGAN\SRAGI-1 GI Kuningan\20240408_191051_385_r114.cfg,PETIR,'DistanceFeatures' object has no attribute 'fault_duration_ms',"s\36. DFR GANGGUAN UIT JBT\pipeline\batch_extract.py"", line 147, in flatten_features
    d[""duration_ok""] = feat.fault_duration_ms >= 5.0
                       ^^^^^^^^^^^^^^^^^^^^^^
AttributeError: 'DistanceFeatures' object has no attribute 'fault_duration_ms'. Did you mean: 'record_duration_ms'?
"
C:\Users\hafizna.fadhli\Downloads\36. DFR GANGGUAN UIT JBT\raw_data\UPT CIREBON\2024\04. APRIL\25042024_GI SUMADRA_BAY PAMEUNGPEUK #1_PETIR\DFR EKSTERNAL\GI PAMEUNGPEUK\ZQ20.cfg,PETIR,protection=UNKNOWN,
C:\Users\hafizna.fadhli\Downloads\36. DFR GANGGUAN UIT JBT\raw_data\UPT CIREBON\2024\04. APRIL\25042024_GI SUMADRA_BAY PAMEUNGPEUK #1_PETIR\DFR EKSTERNAL\GI SUMADRA\ZQ1F.cfg,PETIR,protection=UNKNOWN,
C:\Users\hafizna.fadhli\Downloads\36. DFR GANGGUAN UIT JBT\raw_data\UPT CIREBON\2025\01.JANUARI\01. RECLOSE TASIKMALAYA - MALANGBONG 2 (7 JAN 2025)_PETIR\DFR Eksternal\Tasikmalaya 2\ZQ30.cfg,PETIR,protection=UNKNOWN,
C:\Users\hafizna.fadhli\Downloads\36. DFR GANGGUAN UIT JBT\raw_data\UPT CIREBON\2025\01.JANUARI\01. RECLOSE TASIKMALAYA - MALANGBONG 2 (7 JAN 2025)_PETIR\Distance Tasikmalaya 2\Tuesday 07 January 2025 12.39.23.002.CFG,PETIR,protection=UNKNOWN,
C:\Users\hafizna.fadhli\Downloads\36. DFR GANGGUAN UIT JBT\raw_data\UPT CIREBON\2025\01.JANUARI\02. RECLOSE BANJAR - PANGANDARAN 1-2 (14 JAN 20245)_PETIR\DFR Eksternal\DFR Eksternal Bay Banjar\ZQ124.cfg,PETIR,protection=UNKNOWN,
C:\Users\hafizna.fadhli\Downloads\36. DFR GANGGUAN UIT JBT\raw_data\UPT CIREBON\2025\01.JANUARI\02. RECLOSE BANJAR - PANGANDARAN 1-2 (14 JAN 20245)_PETIR\DFR Eksternal\DFR Eksternal Bay Pangandaran\DFR Eksternal Bay Pangandaran 1-2 rek 1.cfg,PETIR,protection=UNKNOWN,
C:\Users\hafizna.fadhli\Downloads\36. DFR GANGGUAN UIT JBT\raw_data\UPT CIREBON\2025\01.JANUARI\02. RECLOSE BANJAR - PANGANDARAN 1-2 (14 JAN 20245)_PETIR\DFR Eksternal\DFR Eksternal Bay Pangandaran\DFR Eksternal Bay Pangandaran 1-2 rek 2.cfg,PETIR,protection=UNKNOWN,
C:\Users\hafizna.fadhli\Downloads\36. DFR GANGGUAN UIT JBT\raw_data\UPT CIREBON\2025\01.JANUARI\02. RECLOSE BANJAR - PANGANDARAN 1-2 (14 JAN 20245)_PETIR\DFR Eksternal\DFR Eksternal Bay Pangandaran\DFR Eksternal Bay Pangandaran 1-2 rek 3.cfg,PETIR,protection=UNKNOWN,
C:\Users\hafizna.fadhli\Downloads\36. DFR GANGGUAN UIT JBT\raw_data\UPT CIREBON\2025\01.JANUARI\02. RECLOSE BANJAR - PANGANDARAN 1-2 (14 JAN 20245)_PETIR\DFR Rele Bay Banjar 1\Tuesday 14 January 2025 14.50.53.000.CFG,PETIR,'DistanceFeatures' object has no attribute 'fault_duration_ms',"s\36. DFR GANGGUAN UIT JBT\pipeline\batch_extract.py"", line 147, in flatten_features
    d[""duration_ok""] = feat.fault_duration_ms >= 5.0
                       ^^^^^^^^^^^^^^^^^^^^^^
AttributeError: 'DistanceFeatures' object has no attribute 'fault_duration_ms'. Did you mean: 'record_duration_ms'?
"
C:\Users\hafizna.fadhli\Downloads\36. DFR GANGGUAN UIT JBT\raw_data\UPT CIREBON\2025\01.JANUARI\02. RECLOSE BANJAR - PANGANDARAN 1-2 (14 JAN 20245)_PETIR\DFR Rele Bay Pangandaran 1\Tuesday 14 January 2025 15.44.39.000.CFG,PETIR,'DistanceFeatures' object has no attribute 'fault_duration_ms',"s\36. DFR GANGGUAN UIT JBT\pipeline\batch_extract.py"", line 147, in flatten_features
    d[""duration_ok""] = feat.fault_duration_ms >= 5.0
                       ^^^^^^^^^^^^^^^^^^^^^^
AttributeError: 'DistanceFeatures' object has no attribute 'fault_duration_ms'. Did you mean: 'record_duration_ms'?
"
C:\Users\hafizna.fadhli\Downloads\36. DFR GANGGUAN UIT JBT\raw_data\UPT CIREBON\2025\01.JANUARI\02. RECLOSE BANJAR - PANGANDARAN 1-2 (14 JAN 20245)_PETIR\DFR Rele Bay Pangandaran 2\Tuesday 14 January 2025 15.47.05.000.CFG,PETIR,'DistanceFeatures' object has no attribute 'fault_duration_ms',"s\36. DFR GANGGUAN UIT JBT\pipeline\batch_extract.py"", line 147, in flatten_features
    d[""duration_ok""] = feat.fault_duration_ms >= 5.0
                       ^^^^^^^^^^^^^^^^^^^^^^
AttributeError: 'DistanceFeatures' object has no attribute 'fault_duration_ms'. Did you mean: 'record_duration_ms'?
"
"C:\Users\hafizna.fadhli\Downloads\36. DFR GANGGUAN UIT JBT\raw_data\UPT CIREBON\2025\01.JANUARI\03. RECLOSE SUTET MDCAN-IDMYU 1 (15 JAN 2025)_PETIR\GITET MDCAN\IDMYU-1\250115,143941520,+7h0,GITET MANDIRANCAN,INDRAMAYU 1-2,Qualitrol LLC.cfg",PETIR,'DistanceFeatures' object has no attribute 'fault_duration_ms',"s\36. DFR GANGGUAN UIT JBT\pipeline\batch_extract.py"", line 147, in flatten_features
    d[""duration_ok""] = feat.fault_duration_ms >= 5.0
                       ^^^^^^^^^^^^^^^^^^^^^^
AttributeError: 'DistanceFeatures' object has no attribute 'fault_duration_ms'. Did you mean: 'record_duration_ms'?
"
C:\Users\hafizna.fadhli\Downloads\36. DFR GANGGUAN UIT JBT\raw_data\UPT CIREBON\2025\01.JANUARI\05. RECLOSE SUKSES SUTT 150 KV DARAJAT-KAMOJANG #1 (26 JAN 2025)_PETIR\DFR EKSTERNAL\ZQ29.cfg,PETIR,protection=UNKNOWN,
C:\Users\hafizna.fadhli\Downloads\36. DFR GANGGUAN UIT JBT\raw_data\UPT CIREBON\2025\01.JANUARI\05. RECLOSE SUKSES SUTT 150 KV DARAJAT-KAMOJANG #1 (26 JAN 2025)_PETIR\RELAY DISTANCE\GI DARAJAT BAY KAMOJANG #1\Sunday 26 January 2025 15.00.24.000.CFG,PETIR,protection=UNKNOWN,
C:\Users\hafizna.fadhli\Downloads\36. DFR GANGGUAN UIT JBT\raw_data\UPT CIREBON\2025\01.JANUARI\05. RECLOSE SUKSES SUTT 150 KV DARAJAT-KAMOJANG #1 (26 JAN 2025)_PETIR\RELAY DISTANCE\GI KAMOJANG BAY DARAJAT #1\dfr darajat 1.CFG,PETIR,parse returned None,
"C:\Users\hafizna.fadhli\Downloads\36. DFR GANGGUAN UIT JBT\raw_data\UPT CIREBON\2025\02.FEBRUARI\07. RECLOSE SUTT 70KV BANJAR - PANGANDARAN #2 (25 FEB 2025)_PETIR\DFR Ekternal Bay PDRAN\250225,094405560,+7h0,GI BANJAR,PANGANDARAN 1-2,Qualitrol LLC.cfg",PETIR,protection=UNKNOWN,
C:\Users\hafizna.fadhli\Downloads\36. DFR GANGGUAN UIT JBT\raw_data\UPT CIREBON\2025\03. MARET\01. RECLOSE SUKSES SUTET 500KV TASIK-BDSLN (06 MARET 2025)_PETIR\RELAY LCD\GITET TASIK BAY BANSEL\Reclose bansel Main A 06032025\Main A 05032025.CFG,PETIR,'DistanceFeatures' object has no attribute 'fault_duration_ms',"s\36. DFR GANGGUAN UIT JBT\pipeline\batch_extract.py"", line 147, in flatten_features
    d[""duration_ok""] = feat.fault_duration_ms >= 5.0
                       ^^^^^^^^^^^^^^^^^^^^^^
AttributeError: 'DistanceFeatures' object has no attribute 'fault_duration_ms'. Did you mean: 'record_duration_ms'?
"
C:\Users\hafizna.fadhli\Downloads\36. DFR GANGGUAN UIT JBT\raw_data\UPT CIREBON\2025\03. MARET\02. RECLOSE SUKSES SUTT 150 KV DARAJAT-GARUT #1 (9 MARET 2025)_BENDA LAIN_LAYANG-LAYANG\DFR EKSTERNAL\ZQ33.cfg,LAYANG,protection=UNKNOWN,
"C:\Users\hafizna.fadhli\Downloads\36. DFR GANGGUAN UIT JBT\raw_data\UPT CIREBON\2025\03. MARET\04. RECLOSE SUTT TASIKMALAYA - MALANGBONG #1 (15 MARET 2025)_PETIR\DFR Eksternal\250315,073129487,+7h0,GI TASIK LAMA,MLBNG 1-2,Qualitrol LLC.cfg",PETIR,protection=UNKNOWN,
C:\Users\hafizna.fadhli\Downloads\36. DFR GANGGUAN UIT JBT\raw_data\UPT CIREBON\2025\03. MARET\04. RECLOSE SUTT TASIKMALAYA - MALANGBONG #1 (15 MARET 2025)_PETIR\GI Malangbong\Saturday 15 March 2025 13.50.16.000.CFG,PETIR,'DistanceFeatures' object has no attribute 'fault_duration_ms',"s\36. DFR GANGGUAN UIT JBT\pipeline\batch_extract.py"", line 147, in flatten_features
    d[""duration_ok""] = feat.fault_duration_ms >= 5.0
                       ^^^^^^^^^^^^^^^^^^^^^^
AttributeError: 'DistanceFeatures' object has no attribute 'fault_duration_ms'. Did you mean: 'record_duration_ms'?
"
C:\Users\hafizna.fadhli\Downloads\36. DFR GANGGUAN UIT JBT\raw_data\UPT CIREBON\2025\03. MARET\04. RECLOSE SUTT TASIKMALAYA - MALANGBONG #1 (15 MARET 2025)_PETIR\GI Tasikmalaya\Monday 31 January 1994 05.19.17.000.CFG,PETIR,'DistanceFeatures' object has no attribute 'fault_duration_ms',"s\36. DFR GANGGUAN UIT JBT\pipeline\batch_extract.py"", line 147, in flatten_features
    d[""duration_ok""] = feat.fault_duration_ms >= 5.0
                       ^^^^^^^^^^^^^^^^^^^^^^
AttributeError: 'DistanceFeatures' object has no attribute 'fault_duration_ms'. Did you mean: 'record_duration_ms'?
"
C:\Users\hafizna.fadhli\Downloads\36. DFR GANGGUAN UIT JBT\raw_data\UPT CIREBON\2025\03. MARET\05. FINAL TRIP SRAGI-ARJWN 2 ( 31 MARET 2025)_RANTING POHON\GI ARJWN\GI Arjawinangun\20250331_143255_058_r150.cfg,POHON,'DistanceFeatures' object has no attribute 'fault_duration_ms',"s\36. DFR GANGGUAN UIT JBT\pipeline\batch_extract.py"", line 147, in flatten_features
    d[""duration_ok""] = feat.fault_duration_ms >= 5.0
                       ^^^^^^^^^^^^^^^^^^^^^^
AttributeError: 'DistanceFeatures' object has no attribute 'fault_duration_ms'. Did you mean: 'record_duration_ms'?
"
C:\Users\hafizna.fadhli\Downloads\36. DFR GANGGUAN UIT JBT\raw_data\UPT CIREBON\2025\03. MARET\05. FINAL TRIP SRAGI-ARJWN 2 ( 31 MARET 2025)_RANTING POHON\GI SRAGI\GI Sunyaragi\GI Sunyaragi Arjawinangun-2.CFG,POHON,parse returned None,
C:\Users\hafizna.fadhli\Downloads\36. DFR GANGGUAN UIT JBT\raw_data\UPT CIREBON\2025\04. APRIL\02. RECLOSE PRKAN-SMDG 2 (4 APRIL 2025)_PETIR\GI PARAKAN\Friday 04 April 2025 15.25.23.000.CFG,PETIR,'DistanceFeatures' object has no attribute 'fault_duration_ms',"s\36. DFR GANGGUAN UIT JBT\pipeline\batch_extract.py"", line 147, in flatten_features
    d[""duration_ok""] = feat.fault_duration_ms >= 5.0
                       ^^^^^^^^^^^^^^^^^^^^^^
AttributeError: 'DistanceFeatures' object has no attribute 'fault_duration_ms'. Did you mean: 'record_duration_ms'?
"
C:\Users\hafizna.fadhli\Downloads\36. DFR GANGGUAN UIT JBT\raw_data\UPT CIREBON\2025\04. APRIL\02. RECLOSE PRKAN-SMDG 2 (4 APRIL 2025)_PETIR\GI PARAKAN\RIO GI PRKAN\RIO GI PRKAN.cfg,PETIR,'DistanceFeatures' object has no attribute 'fault_duration_ms',"s\36. DFR GANGGUAN UIT JBT\pipeline\batch_extract.py"", line 147, in flatten_features
    d[""duration_ok""] = feat.fault_duration_ms >= 5.0
                       ^^^^^^^^^^^^^^^^^^^^^^
AttributeError: 'DistanceFeatures' object has no attribute 'fault_duration_ms'. Did you mean: 'record_duration_ms'?
"
C:\Users\hafizna.fadhli\Downloads\36. DFR GANGGUAN UIT JBT\raw_data\UPT CIREBON\2025\04. APRIL\02. RECLOSE PRKAN-SMDG 2 (4 APRIL 2025)_PETIR\GI SUMEDANG\04042025 ggn smd-prkn #2\20250404_142133_423_r091.cfg,PETIR,'DistanceFeatures' object has no attribute 'fault_duration_ms',"s\36. DFR GANGGUAN UIT JBT\pipeline\batch_extract.py"", line 147, in flatten_features
    d[""duration_ok""] = feat.fault_duration_ms >= 5.0
                       ^^^^^^^^^^^^^^^^^^^^^^
AttributeError: 'DistanceFeatures' object has no attribute 'fault_duration_ms'. Did you mean: 'record_duration_ms'?
"
"C:\Users\hafizna.fadhli\Downloads\36. DFR GANGGUAN UIT JBT\raw_data\UPT CIREBON\2025\04. APRIL\05. RECLOSE SUTET INDRAMAYU-DELTAMAS#1 (12 APRIL 2025)_PETIR\DFR EKSTERNAL\250412,074521545,+7h0,GITET 500KV INDRAMAYU,DELTAMAS 1-2,Qualitrol LLC.cfg",PETIR,protection=UNKNOWN,
C:\Users\hafizna.fadhli\Downloads\36. DFR GANGGUAN UIT JBT\raw_data\UPT CIREBON\2025\04. APRIL\06. RECLOSE KDPTN-ARJWN 2 (18 APRIL 2025)_PETIR\GI ARJWN\20250418_110258_151_r197.cfg,PETIR,'DistanceFeatures' object has no attribute 'fault_duration_ms',"s\36. DFR GANGGUAN UIT JBT\pipeline\batch_extract.py"", line 147, in flatten_features
    d[""duration_ok""] = feat.fault_duration_ms >= 5.0
                       ^^^^^^^^^^^^^^^^^^^^^^
AttributeError: 'DistanceFeatures' object has no attribute 'fault_duration_ms'. Did you mean: 'record_duration_ms'?
"
C:\Users\hafizna.fadhli\Downloads\36. DFR GANGGUAN UIT JBT\raw_data\UPT CIREBON\2025\04. APRIL\06. RECLOSE KDPTN-ARJWN 2 (18 APRIL 2025)_PETIR\GI KDPTN\20250418_175051_488_r210.cfg,PETIR,'DistanceFeatures' object has no attribute 'fault_duration_ms',"s\36. DFR GANGGUAN UIT JBT\pipeline\batch_extract.py"", line 147, in flatten_features
    d[""duration_ok""] = feat.fault_duration_ms >= 5.0
                       ^^^^^^^^^^^^^^^^^^^^^^
AttributeError: 'DistanceFeatures' object has no attribute 'fault_duration_ms'. Did you mean: 'record_duration_ms'?
"
C:\Users\hafizna.fadhli\Downloads\36. DFR GANGGUAN UIT JBT\raw_data\UPT CIREBON\2025\04. APRIL\07. RECLOSE SUTT TASIKMALAYA - TASIKMALAYA BARU #2 (18 APRIL 2025)_PETIR\GI Tasikbaru\BAY TASIK 2\RECLOSE BAY TASIK 2 18042025.CFG,PETIR,parse returned None,
C:\Users\hafizna.fadhli\Downloads\36. DFR GANGGUAN UIT JBT\raw_data\UPT CIREBON\2025\04. APRIL\07. RECLOSE SUTT TASIKMALAYA - TASIKMALAYA BARU #2 (18 APRIL 2025)_PETIR\GI Tasikmalaya\DS TSBRU 2 RECLOSE.CFG,PETIR,parse returned None,
"C:\Users\hafizna.fadhli\Downloads\36. DFR GANGGUAN UIT JBT\raw_data\UPT CIREBON\2025\05. MEI\01. RECLOSE JATIBARANG-INDRAMAYU #1 (18 MEI 2025)_PETIR\EKSTERNAL\250518,155149390,+7h0,GI JATIBARANG 70 kV,INDRAMAYU 1-2,Qualitrol LLC.cfg",PETIR,protection=UNKNOWN,
C:\Users\hafizna.fadhli\Downloads\36. DFR GANGGUAN UIT JBT\raw_data\UPT CIREBON\2025\05. MEI\01. RECLOSE JATIBARANG-INDRAMAYU #1 (18 MEI 2025)_PETIR\INTERNAL\GI JTBRG4\20250518_155149_642_r193.cfg,PETIR,'DistanceFeatures' object has no attribute 'fault_duration_ms',"s\36. DFR GANGGUAN UIT JBT\pipeline\batch_extract.py"", line 147, in flatten_features
    d[""duration_ok""] = feat.fault_duration_ms >= 5.0
                       ^^^^^^^^^^^^^^^^^^^^^^
AttributeError: 'DistanceFeatures' object has no attribute 'fault_duration_ms'. Did you mean: 'record_duration_ms'?
"
C:\Users\hafizna.fadhli\Downloads\36. DFR GANGGUAN UIT JBT\raw_data\UPT KARAWANG\2022\06. JUNI\09062022 GI PABUARAN BAY KAPASITOR TRIP BENDA ASING\PCS9611_RCD_00043_20220609_085933_684.CFG,BENDA_ASING,no fault detected,
C:\Users\hafizna.fadhli\Downloads\36. DFR GANGGUAN UIT JBT\raw_data\UPT KARAWANG\2024\01. JANUARI\20240102_GI PURWAKARTA_BAY SUBANG #2_PETIR\Tuesday 02 January 2024 19.48.35.001.CFG,PETIR,'DistanceFeatures' object has no attribute 'fault_duration_ms',"s\36. DFR GANGGUAN UIT JBT\pipeline\batch_extract.py"", line 147, in flatten_features
    d[""duration_ok""] = feat.fault_duration_ms >= 5.0
                       ^^^^^^^^^^^^^^^^^^^^^^
AttributeError: 'DistanceFeatures' object has no attribute 'fault_duration_ms'. Did you mean: 'record_duration_ms'?
"
C:\Users\hafizna.fadhli\Downloads\36. DFR GANGGUAN UIT JBT\raw_data\UPT KARAWANG\2024\01. JANUARI\20240102_GI SUBANG_BAY PURWAKARTA #1_PETIR\Tuesday 02 January 2024 20.36.12.000.CFG,PETIR,'DistanceFeatures' object has no attribute 'fault_duration_ms',"s\36. DFR GANGGUAN UIT JBT\pipeline\batch_extract.py"", line 147, in flatten_features
    d[""duration_ok""] = feat.fault_duration_ms >= 5.0
                       ^^^^^^^^^^^^^^^^^^^^^^
AttributeError: 'DistanceFeatures' object has no attribute 'fault_duration_ms'. Did you mean: 'record_duration_ms'?
"
C:\Users\hafizna.fadhli\Downloads\36. DFR GANGGUAN UIT JBT\raw_data\UPT KARAWANG\2024\01. JANUARI\20240102_GI SUBANG_BAY PURWAKARTA #2_PETIR\Tuesday 02 January 2024 19.52.57.000.CFG,PETIR,'DistanceFeatures' object has no attribute 'fault_duration_ms',"s\36. DFR GANGGUAN UIT JBT\pipeline\batch_extract.py"", line 147, in flatten_features
    d[""duration_ok""] = feat.fault_duration_ms >= 5.0
                       ^^^^^^^^^^^^^^^^^^^^^^
AttributeError: 'DistanceFeatures' object has no attribute 'fault_duration_ms'. Did you mean: 'record_duration_ms'?
"
C:\Users\hafizna.fadhli\Downloads\36. DFR GANGGUAN UIT JBT\raw_data\UPT KARAWANG\2024\03. MARET\20240306_GI PURWAKARTA_BAY KOSAMBI BARU_PETIR\Wednesday 06 March 2024 16.24.41.000.CFG,PETIR,'DistanceFeatures' object has no attribute 'fault_duration_ms',"s\36. DFR GANGGUAN UIT JBT\pipeline\batch_extract.py"", line 147, in flatten_features
    d[""duration_ok""] = feat.fault_duration_ms >= 5.0
                       ^^^^^^^^^^^^^^^^^^^^^^
AttributeError: 'DistanceFeatures' object has no attribute 'fault_duration_ms'. Did you mean: 'record_duration_ms'?
"
C:\Users\hafizna.fadhli\Downloads\36. DFR GANGGUAN UIT JBT\raw_data\UPT KARAWANG\2024\04. APRIL\20240401_GI INDORAMA_BAY CIGANEA_PETIR\01042024.CFG,PETIR,'DistanceFeatures' object has no attribute 'fault_duration_ms',"s\36. DFR GANGGUAN UIT JBT\pipeline\batch_extract.py"", line 147, in flatten_features
    d[""duration_ok""] = feat.fault_duration_ms >= 5.0
                       ^^^^^^^^^^^^^^^^^^^^^^
AttributeError: 'DistanceFeatures' object has no attribute 'fault_duration_ms'. Did you mean: 'record_duration_ms'?
"
C:\Users\hafizna.fadhli\Downloads\36. DFR GANGGUAN UIT JBT\raw_data\UPT KARAWANG\2024\04. APRIL\20240404_GI KOSAMBI BARU_BAY PURWAKARTA_PETIR\2039-10-25-16-56-59-893_167(0)_F.cfg,PETIR,parse returned None,
C:\Users\hafizna.fadhli\Downloads\36. DFR GANGGUAN UIT JBT\raw_data\UPT KARAWANG\2024\04. APRIL\20240415_GI TATAJABAR_BAY JATILUHUR#1_PETIR\FR000001.cfg,PETIR,protection=UNKNOWN,
C:\Users\hafizna.fadhli\Downloads\36. DFR GANGGUAN UIT JBT\raw_data\UPT KARAWANG\2024\04. APRIL\20240425_GI SUKATANI GOBEL_BAY KOSAMBI BARU #2_PETIR\P442 KOSAMBI BARU 2\P442 KOSAMBI BARU 2\1\DR\Wednesday 24 April 2024 19.43.55.000.CFG,PETIR,'DistanceFeatures' object has no attribute 'fault_duration_ms',"s\36. DFR GANGGUAN UIT JBT\pipeline\batch_extract.py"", line 147, in flatten_features
    d[""duration_ok""] = feat.fault_duration_ms >= 5.0
                       ^^^^^^^^^^^^^^^^^^^^^^
AttributeError: 'DistanceFeatures' object has no attribute 'fault_duration_ms'. Did you mean: 'record_duration_ms'?
"
C:\Users\hafizna.fadhli\Downloads\36. DFR GANGGUAN UIT JBT\raw_data\UPT KARAWANG\2024\09. SEPTEMBER\20240925_DFR BAY JATILUHUR 2 GI TATAJABAR_PETIR\jatiluhur-ttjbr2 25-9-2024.cfg,PETIR,protection=UNKNOWN,
C:\Users\hafizna.fadhli\Downloads\36. DFR GANGGUAN UIT JBT\raw_data\UPT KARAWANG\2024\09. SEPTEMBER\20240925_DFR BAY TATAJABAR 2 GI JATILUHUR_PETIR\Wednesday 25 September 2024 18.45.31.000.CFG,PETIR,'DistanceFeatures' object has no attribute 'fault_duration_ms',"s\36. DFR GANGGUAN UIT JBT\pipeline\batch_extract.py"", line 147, in flatten_features
    d[""duration_ok""] = feat.fault_duration_ms >= 5.0
                       ^^^^^^^^^^^^^^^^^^^^^^
AttributeError: 'DistanceFeatures' object has no attribute 'fault_duration_ms'. Did you mean: 'record_duration_ms'?
"
C:\Users\hafizna.fadhli\Downloads\36. DFR GANGGUAN UIT JBT\raw_data\UPT KARAWANG\2024\10. OKTOBER\20241014_CIRATA - PURWAKARTA 2 RECLOSE_PETIR\BAY PURWAKARTA 2 GI CIRATA\BAY 70 KV PWKTA 2.cfg,PETIR,protection=UNKNOWN,
C:\Users\hafizna.fadhli\Downloads\36. DFR GANGGUAN UIT JBT\raw_data\UPT KARAWANG\2024\11. NOVEMBER\20112024_GI PURWAKARTA_BAY CIRATA#2_PETIR\DFR GI CIRATA BAY PWKTA 2\Wednesday 20 November 2024 20.11.06.000.CFG,PETIR,'DistanceFeatures' object has no attribute 'fault_duration_ms',"s\36. DFR GANGGUAN UIT JBT\pipeline\batch_extract.py"", line 147, in flatten_features
    d[""duration_ok""] = feat.fault_duration_ms >= 5.0
                       ^^^^^^^^^^^^^^^^^^^^^^
AttributeError: 'DistanceFeatures' object has no attribute 'fault_duration_ms'. Did you mean: 'record_duration_ms'?
"
C:\Users\hafizna.fadhli\Downloads\36. DFR GANGGUAN UIT JBT\raw_data\UPT KARAWANG\2024\11. NOVEMBER\20112024_GI PURWAKARTA_BAY CIRATA#2_PETIR\DFR GI CIRATA BAY PWKTA 2\Wednesday 20 November 2024 20.28.18.001.CFG,PETIR,protection=UNKNOWN,
C:\Users\hafizna.fadhli\Downloads\36. DFR GANGGUAN UIT JBT\raw_data\UPT KARAWANG\2024\11. NOVEMBER\20112024_GI PURWAKARTA_BAY CIRATA#2_PETIR\DFR GI PWKTA bay cirata 2\Wednesday 20 November 2024 20.07.13.000.CFG,PETIR,'DistanceFeatures' object has no attribute 'fault_duration_ms',"s\36. DFR GANGGUAN UIT JBT\pipeline\batch_extract.py"", line 147, in flatten_features
    d[""duration_ok""] = feat.fault_duration_ms >= 5.0
                       ^^^^^^^^^^^^^^^^^^^^^^
AttributeError: 'DistanceFeatures' object has no attribute 'fault_duration_ms'. Did you mean: 'record_duration_ms'?
"
C:\Users\hafizna.fadhli\Downloads\36. DFR GANGGUAN UIT JBT\raw_data\UPT KARAWANG\2024\12. DESEMBER\01122024_GI CIRATA_BAY WALINI#2_PETIR\DFR BAY WALINI 2\PCS900_RCD_02346_20241201_184352_849.CFG,PETIR,protection=UNKNOWN,
C:\Users\hafizna.fadhli\Downloads\36. DFR GANGGUAN UIT JBT\raw_data\UPT KARAWANG\2025\02. FEBRUARI\16022025_GI DELTAMAS_BAY DATA CENTER 1_PETIR\16-02-2025 RECLOSE DATA CENTER 1 GI DELTAMAS.CFG,PETIR,parse returned None,
C:\Users\hafizna.fadhli\Downloads\36. DFR GANGGUAN UIT JBT\raw_data\UPT KARAWANG\2025\02. FEBRUARI\21022025_GI PURWAKARTA_BAY SUBANG#1_PETIR\DFR GI PURWAKARTA BAY SUBANG 1\BAY SUBANG 1 21 FEB 2025.CFG,PETIR,parse returned None,
C:\Users\hafizna.fadhli\Downloads\36. DFR GANGGUAN UIT JBT\raw_data\UPT KARAWANG\2025\03. MARET\04032025_GI PURWARTA_BAY CIRATA BARU #1_PETIR\DFR GI PURWAKARTA BAY CIRATA 1\RECLOSE BAY CIRATA 1 04 03 2025 GI PURWAKARTA.CFG,PETIR,parse returned None,
C:\Users\hafizna.fadhli\Downloads\36. DFR GANGGUAN UIT JBT\raw_data\UPT SALATIGA\2024\01. JANUARI\20240127_GI WONOSARI_BAY RAYUM #2_PETIR\GANGGUAN WONOSARI RARYUM 2 21012024.cfg,PETIR,'DistanceFeatures' object has no attribute 'fault_duration_ms',"s\36. DFR GANGGUAN UIT JBT\pipeline\batch_extract.py"", line 147, in flatten_features
    d[""duration_ok""] = feat.fault_duration_ms >= 5.0
                       ^^^^^^^^^^^^^^^^^^^^^^
AttributeError: 'DistanceFeatures' object has no attribute 'fault_duration_ms'. Did you mean: 'record_duration_ms'?
"
"C:\Users\hafizna.fadhli\Downloads\36. DFR GANGGUAN UIT JBT\raw_data\UPT SALATIGA\2024\4.APRIL\20240426_GI KENTUNGAN_BAY PEDAN2_PETIR\DFR Eksternal GI Kentungan Bay Pedan 2\240327,063452058,0,GI KENTUNGAN,PEDAN 1-2,Qualitrol LLC.cfg",PETIR,'DistanceFeatures' object has no attribute 'fault_duration_ms',"s\36. DFR GANGGUAN UIT JBT\pipeline\batch_extract.py"", line 147, in flatten_features
    d[""duration_ok""] = feat.fault_duration_ms >= 5.0
                       ^^^^^^^^^^^^^^^^^^^^^^
AttributeError: 'DistanceFeatures' object has no attribute 'fault_duration_ms'. Did you mean: 'record_duration_ms'?
"
C:\Users\hafizna.fadhli\Downloads\36. DFR GANGGUAN UIT JBT\raw_data\UPT SALATIGA\2024\4.APRIL\20240426_GI KENTUNGAN_BAY PEDAN2_PETIR\DFR Eksternal GI Pedan Bay Kentungan 2\ZQ5B.cfg,PETIR,'DistanceFeatures' object has no attribute 'fault_duration_ms',"s\36. DFR GANGGUAN UIT JBT\pipeline\batch_extract.py"", line 147, in flatten_features
    d[""duration_ok""] = feat.fault_duration_ms >= 5.0
                       ^^^^^^^^^^^^^^^^^^^^^^
AttributeError: 'DistanceFeatures' object has no attribute 'fault_duration_ms'. Did you mean: 'record_duration_ms'?
"
C:\Users\hafizna.fadhli\Downloads\36. DFR GANGGUAN UIT JBT\raw_data\UPT SALATIGA\2024\4.APRIL\20240426_GI KENTUNGAN_BAY PEDAN2_PETIR\DFR Relay LCD GI Kentungan Bay Pedan 2\20240326_163425_865_r131.cfg,PETIR,protection=DIFFERENTIAL,
C:\Users\hafizna.fadhli\Downloads\36. DFR GANGGUAN UIT JBT\raw_data\UPT SALATIGA\2024\4.APRIL\20240426_GI KENTUNGAN_BAY PEDAN2_PETIR\DFR RELAY LCD GI Pedan Bay Kentungan 2\26032024.CFG,PETIR,protection=DIFFERENTIAL,
C:\Users\hafizna.fadhli\Downloads\36. DFR GANGGUAN UIT JBT\raw_data\UPT SALATIGA\2024\4.APRIL\20240426_GI KENTUNGAN_BAY PEDAN2_PETIR\DFR RELAY LCD GI Pedan Bay Kentungan 2\Tuesday 26 March 2024 23.36.30.000.CFG,PETIR,protection=DIFFERENTIAL,
C:\Users\hafizna.fadhli\Downloads\36. DFR GANGGUAN UIT JBT\raw_data\UPT SALATIGA\2024\5. MEI\20240516_GITET PEDAN BAY KEDIRI #2_BENDA ASING\pedan kediri 2 16mei 2024\dfr internal siemens main b.CFG,BENDA_ASING,protection=UNKNOWN,
C:\Users\hafizna.fadhli\Downloads\36. DFR GANGGUAN UIT JBT\raw_data\UPT SALATIGA\2025\03. MARET\20250309_GI WATES_BAY PURWOREJO #2_PETIR\20250309 Reclose SUTT Purworejo - Wates 2\20250309 Reclose SUTT Purworejo - Wates 2.cfg,PETIR,'DistanceFeatures' object has no attribute 'fault_duration_ms',"s\36. DFR GANGGUAN UIT JBT\pipeline\batch_extract.py"", line 147, in flatten_features
    d[""duration_ok""] = feat.fault_duration_ms >= 5.0
                       ^^^^^^^^^^^^^^^^^^^^^^
AttributeError: 'DistanceFeatures' object has no attribute 'fault_duration_ms'. Did you mean: 'record_duration_ms'?
"
C:\Users\hafizna.fadhli\Downloads\36. DFR GANGGUAN UIT JBT\raw_data\UPT SALATIGA\2025\04. APRIL\20250410_GI NGUNTORONADI_BAY PACITAN #1_PETIR\10. 10042025 GI NGUNTORO BAY PACITAN 1\10. 10042025 GI NGUNTORO BAY PACITAN 1\NGUNTORO BAY PACITAN 1.CFG,PETIR,parse returned None,
"C:\Users\hafizna.fadhli\Downloads\36. DFR GANGGUAN UIT JBT\raw_data\UPT SALATIGA\2025\04. APRIL\20250410_GI NGUNTORONADI_BAY PACITAN #1_PETIR\GI Nguntoro pacitan 1\GI Nguntoro pacitan 1\250410,064653619,+7h0,GI NGUNTORONADI,PACITAN 1-2,Qualitrol LLC.cfg",PETIR,protection=UNKNOWN,
C:\Users\hafizna.fadhli\Downloads\36. DFR GANGGUAN UIT JBT\raw_data\UPT SALATIGA\2025\04. APRIL\20250418_GI JELOK_BAY UNGARAN #1 _PETIR\DFR Eksternal GI Jelok Bay Ungaran#2\DFR Eksternal GI Jelok Bay Ungaran#2\DFR Eksternal GI Jelok Bay Ungaran#1.cfg,PETIR,'DistanceFeatures' object has no attribute 'fault_duration_ms',"s\36. DFR GANGGUAN UIT JBT\pipeline\batch_extract.py"", line 147, in flatten_features
    d[""duration_ok""] = feat.fault_duration_ms >= 5.0
                       ^^^^^^^^^^^^^^^^^^^^^^
AttributeError: 'DistanceFeatures' object has no attribute 'fault_duration_ms'. Did you mean: 'record_duration_ms'?
"
C:\Users\hafizna.fadhli\Downloads\36. DFR GANGGUAN UIT JBT\raw_data\UPT SALATIGA\2025\04. APRIL\20250418_GI JELOK_BAY UNGARAN #1 _PETIR\DFR Internal GI Jelok Bay Ungaran#1\DFR Internal GI Jelok Bay Ungaran#1\PCS900_RCD_01166_20250418_131803_662_f.cfg,PETIR,protection=UNKNOWN,
C:\Users\hafizna.fadhli\Downloads\36. DFR GANGGUAN UIT JBT\raw_data\UPT SALATIGA\2025\05. MEI\20250505_GI KENTUNGAN_BAY SANGGRAHAN_BENDA ASING\GI SANGGRAHAN\INTERNAL\DFR Internal GI Sanggrahan Bay Kentungan\CSC-101\2025-05-05-10-27-10-735_180(0)_F.cfg,BENDA_ASING,parse returned None,
C:\Users\hafizna.fadhli\Downloads\36. DFR GANGGUAN UIT JBT\raw_data\UPT SALATIGA\2025\05. MEI\20250505_GI KENTUNGAN_BAY SANGGRAHAN_BENDA ASING\GI SANGGRAHAN\INTERNAL\DFR Internal GI Sanggrahan Bay Kentungan\CSC-101\2025-05-05-10-27-13-894_181(0)_F.cfg,BENDA_ASING,parse returned None,
"C:\Users\hafizna.fadhli\Downloads\36. DFR GANGGUAN UIT JBT\raw_data\UPT SALATIGA\2025\05. MEI\20250511_GI BOYOLALI_BAY BRINGIN#1_PETIR\GI BOYOLALI\250511,070856480,+7h0,GI 150kV BOYOLALI,BRINGIN 1-2,Qualitrol LLC.cfg",PETIR,'DistanceFeatures' object has no attribute 'fault_duration_ms',"s\36. DFR GANGGUAN UIT JBT\pipeline\batch_extract.py"", line 147, in flatten_features
    d[""duration_ok""] = feat.fault_duration_ms >= 5.0
                       ^^^^^^^^^^^^^^^^^^^^^^
AttributeError: 'DistanceFeatures' object has no attribute 'fault_duration_ms'. Did you mean: 'record_duration_ms'?
"
C:\Users\hafizna.fadhli\Downloads\36. DFR GANGGUAN UIT JBT\raw_data\UPT SALATIGA\2025\05. MEI\20250511_GI BOYOLALI_BAY BRINGIN#1_PETIR\GI BOYOLALI\861_11520257856777_FRA00861.CFG,PETIR,protection=UNKNOWN,
C:\Users\hafizna.fadhli\Downloads\36. DFR GANGGUAN UIT JBT\raw_data\UPT SALATIGA\2025\05. MEI\20250511_GI BOYOLALI_BAY BRINGIN#1_PETIR\GI BRINGIN\652_11520257856763_FRA00652.CFG,PETIR,protection=DIFFERENTIAL,
C:\Users\hafizna.fadhli\Downloads\36. DFR GANGGUAN UIT JBT\raw_data\UPT SALATIGA\2025\05. MEI\20250511_GI BOYOLALI_BAY BRINGIN#1_PETIR\GI BRINGIN\GGN Bringin-Boyolai 1.cfg,PETIR,protection=UNKNOWN,
"C:\Users\hafizna.fadhli\Downloads\36. DFR GANGGUAN UIT JBT\raw_data\UPT SALATIGA\2025\05. MEI\20250517_GITET BOYOLALI_BAY UNGARAN_BENDA ASING\BOYOLALI\Eksternal\250517,043739206,+7h0,GITET 500kV BOYOLALI,UNGARAN 1-2,Qualitrol LLC.cfg",BENDA_ASING,'DistanceFeatures' object has no attribute 'fault_duration_ms',"s\36. DFR GANGGUAN UIT JBT\pipeline\batch_extract.py"", line 147, in flatten_features
    d[""duration_ok""] = feat.fault_duration_ms >= 5.0
                       ^^^^^^^^^^^^^^^^^^^^^^
AttributeError: 'DistanceFeatures' object has no attribute 'fault_duration_ms'. Did you mean: 'record_duration_ms'?
"
"C:\Users\hafizna.fadhli\Downloads\36. DFR GANGGUAN UIT JBT\raw_data\UPT SALATIGA\2025\05. MEI\20250517_GITET BOYOLALI_BAY UNGARAN_BENDA ASING\UNGARAN\250517,042312968,+7h0,GITET UNGARAN,PEDAN - KRIAN I,Qualitrol LLC.cfg",BENDA_ASING,protection=UNKNOWN,
C:\Users\hafizna.fadhli\Downloads\36. DFR GANGGUAN UIT JBT\raw_data\UPT SALATIGA\2025\06. Juni\2025_06_25 Secang - temanggung #1 reclose_APPL POHON ROBOH\2025_06_25 Secang - temanggung #1 reclose_APPL POHON ROBOH\2025_06_25_secang-temanggung close.cfg,POHON,protection=UNKNOWN,
C:\Users\hafizna.fadhli\Downloads\36. DFR GANGGUAN UIT JBT\raw_data\UPT SALATIGA\2025\06. Juni\2025_06_25 Secang - temanggung #1 reclose_APPL POHON ROBOH\2025_06_25 Secang - temanggung #1 reclose_APPL POHON ROBOH\2025_06_25_secang-temanggung trip.cfg,POHON,protection=UNKNOWN,
C:\Users\hafizna.fadhli\Downloads\36. DFR GANGGUAN UIT JBT\raw_data\UPT SALATIGA\2025\07. JULI\2025_07_06 PURWOREJO - WALIN #1 RECLOSE_ HEWAN ULAR\PURWOREJO BAY WALIN #2\RECLOSE WALINT 2 06072025\2025-07-06-04-28-57-256_034(0)_S.cfg,HEWAN,'DistanceFeatures' object has no attribute 'fault_duration_ms',"s\36. DFR GANGGUAN UIT JBT\pipeline\batch_extract.py"", line 147, in flatten_features
    d[""duration_ok""] = feat.fault_duration_ms >= 5.0
                       ^^^^^^^^^^^^^^^^^^^^^^
AttributeError: 'DistanceFeatures' object has no attribute 'fault_duration_ms'. Did you mean: 'record_duration_ms'?
"
C:\Users\hafizna.fadhli\Downloads\36. DFR GANGGUAN UIT JBT\raw_data\UPT SALATIGA\2025\07. JULI\2025_07_12 WATES-BANTUL #2 RECLOSE_ BENDA LAIN LAYANG-LAYANG\dfr_gi_wates_bay_bantul_2\dfr_gi_wates_bay_bantul_2\wates_bay_bantul_2.CFG,LAYANG,parse returned None,
"C:\Users\hafizna.fadhli\Downloads\36. DFR GANGGUAN UIT JBT\raw_data\UPT SALATIGA\2025\09. SEPTEMBER\20250902_SUTT KENTUNGAN-SANGGRAHAN RELCOSE_LAYANG-LAYANG\GI SANGGRAHAN BAY KENTUNGAN\250902,190425878,0h0,GI SANGGRAHAN,MDARI-KNTUG,Qualitrol LLC.cfg",LAYANG,'DistanceFeatures' object has no attribute 'fault_duration_ms',"s\36. DFR GANGGUAN UIT JBT\pipeline\batch_extract.py"", line 147, in flatten_features
    d[""duration_ok""] = feat.fault_duration_ms >= 5.0
                       ^^^^^^^^^^^^^^^^^^^^^^
AttributeError: 'DistanceFeatures' object has no attribute 'fault_duration_ms'. Did you mean: 'record_duration_ms'?
"
"C:\Users\hafizna.fadhli\Downloads\36. DFR GANGGUAN UIT JBT\raw_data\UPT SALATIGA\2025\09. SEPTEMBER\20250902_SUTT KENTUNGAN-SANGGRAHAN RELCOSE_LAYANG-LAYANG\GI SANGGRAHAN BAY KENTUNGAN\250902,190509088,0h0,GI SANGGRAHAN,MDARI-KNTUG,Qualitrol LLC.cfg",LAYANG,no fault detected,
C:\Users\hafizna.fadhli\Downloads\36. DFR GANGGUAN UIT JBT\raw_data\UPT SALATIGA\2025\09. SEPTEMBER\20250902_SUTT KENTUNGAN-SANGGRAHAN RELCOSE_LAYANG-LAYANG\GI SANGGRAHAN BAY KENTUNGAN\Rekaman_1.cfg,LAYANG,'DistanceFeatures' object has no attribute 'fault_duration_ms',"s\36. DFR GANGGUAN UIT JBT\pipeline\batch_extract.py"", line 147, in flatten_features
    d[""duration_ok""] = feat.fault_duration_ms >= 5.0
                       ^^^^^^^^^^^^^^^^^^^^^^
AttributeError: 'DistanceFeatures' object has no attribute 'fault_duration_ms'. Did you mean: 'record_duration_ms'?
"
C:\Users\hafizna.fadhli\Downloads\36. DFR GANGGUAN UIT JBT\raw_data\UPT SALATIGA\2025\09. SEPTEMBER\20250902_SUTT KENTUNGAN-SANGGRAHAN RELCOSE_LAYANG-LAYANG\GI SANGGRAHAN BAY KENTUNGAN\Rekaman_2.cfg,LAYANG,'DistanceFeatures' object has no attribute 'fault_duration_ms',"s\36. DFR GANGGUAN UIT JBT\pipeline\batch_extract.py"", line 147, in flatten_features
    d[""duration_ok""] = feat.fault_duration_ms >= 5.0
                       ^^^^^^^^^^^^^^^^^^^^^^
AttributeError: 'DistanceFeatures' object has no attribute 'fault_duration_ms'. Did you mean: 'record_duration_ms'?
"
C:\Users\hafizna.fadhli\Downloads\36. DFR GANGGUAN UIT JBT\raw_data\UPT SALATIGA\2025\09. SEPTEMBER\20250902_SUTT KENTUNGAN-SANGGRAHAN RELCOSE_LAYANG-LAYANG\GI SANGGRAHAN BAY KENTUNGAN\Rekaman_3.cfg,LAYANG,'DistanceFeatures' object has no attribute 'fault_duration_ms',"s\36. DFR GANGGUAN UIT JBT\pipeline\batch_extract.py"", line 147, in flatten_features
    d[""duration_ok""] = feat.fault_duration_ms >= 5.0
                       ^^^^^^^^^^^^^^^^^^^^^^
AttributeError: 'DistanceFeatures' object has no attribute 'fault_duration_ms'. Did you mean: 'record_duration_ms'?
"
C:\Users\hafizna.fadhli\Downloads\36. DFR GANGGUAN UIT JBT\raw_data\UPT SALATIGA\2025\10. OKTOBER\17_10_2025_GI PEDAN-KLATEN 1 2_Tower Roboh\25.10.17 19.19.03.000.000.CFG,KONDUKTOR,'DistanceFeatures' object has no attribute 'fault_duration_ms',"s\36. DFR GANGGUAN UIT JBT\pipeline\batch_extract.py"", line 147, in flatten_features
    d[""duration_ok""] = feat.fault_duration_ms >= 5.0
                       ^^^^^^^^^^^^^^^^^^^^^^
AttributeError: 'DistanceFeatures' object has no attribute 'fault_duration_ms'. Did you mean: 'record_duration_ms'?
"
"C:\Users\hafizna.fadhli\Downloads\36. DFR GANGGUAN UIT JBT\raw_data\UPT SALATIGA\2025\10. OKTOBER\17_10_2025_GI PEDAN-KLATEN 1 2_Tower Roboh\Relai Distance Bay Pedan 1\251017,180104009,UTC,,P443 BAY PEDAN 1,GE.cfg",KONDUKTOR,'DistanceFeatures' object has no attribute 'fault_duration_ms',"s\36. DFR GANGGUAN UIT JBT\pipeline\batch_extract.py"", line 147, in flatten_features
    d[""duration_ok""] = feat.fault_duration_ms >= 5.0
                       ^^^^^^^^^^^^^^^^^^^^^^
AttributeError: 'DistanceFeatures' object has no attribute 'fault_duration_ms'. Did you mean: 'record_duration_ms'?
"
C:\Users\hafizna.fadhli\Downloads\36. DFR GANGGUAN UIT JBT\raw_data\UPT SALATIGA\2025\10. OKTOBER\17_10_2025_GI PEDAN-KLATEN 1 2_Tower Roboh\Rele Distance GI Klaten Bay Pedan 2\20251017_111903_126_r103.cfg,KONDUKTOR,'DistanceFeatures' object has no attribute 'fault_duration_ms',"s\36. DFR GANGGUAN UIT JBT\pipeline\batch_extract.py"", line 147, in flatten_features
    d[""duration_ok""] = feat.fault_duration_ms >= 5.0
                       ^^^^^^^^^^^^^^^^^^^^^^
AttributeError: 'DistanceFeatures' object has no attribute 'fault_duration_ms'. Did you mean: 'record_duration_ms'?
"
C:\Users\hafizna.fadhli\Downloads\36. DFR GANGGUAN UIT JBT\raw_data\UPT SALATIGA\2026\02. Februari\20260209_SUTT BANTUL - SEMANU #1 & #2 RECLOSE_PETIR)\20260209 Reclose Semanu - Bantul 1 Internal Relay.CFG,PETIR,protection=UNKNOWN,
"C:\Users\hafizna.fadhli\Downloads\36. DFR GANGGUAN UIT JBT\raw_data\UPT SALATIGA\2026\02. Februari\20260209_SUTT BANTUL - SEMANU #1 & #2 RECLOSE_PETIR)\260209,125934830,+7h0,GI SEMANU,BANTUL 1-2,Qualitrol LLC.cfg",PETIR,protection=UNKNOWN,
"C:\Users\hafizna.fadhli\Downloads\36. DFR GANGGUAN UIT JBT\raw_data\UPT SALATIGA\2026\02. Februari\20260209_SUTT BANTUL - SEMANU #1 & #2 RECLOSE_PETIR)\260209,130121218,+7h0,GI BANTUL,SEMANU 1-2,Qualitrol LLC.cfg",PETIR,'DistanceFeatures' object has no attribute 'fault_duration_ms',"s\36. DFR GANGGUAN UIT JBT\pipeline\batch_extract.py"", line 147, in flatten_features
    d[""duration_ok""] = feat.fault_duration_ms >= 5.0
                       ^^^^^^^^^^^^^^^^^^^^^^
AttributeError: 'DistanceFeatures' object has no attribute 'fault_duration_ms'. Did you mean: 'record_duration_ms'?
"
C:\Users\hafizna.fadhli\Downloads\36. DFR GANGGUAN UIT JBT\raw_data\UPT SALATIGA\2026\02. Februari\20260209_SUTT BANTUL - SEMANU #1 & #2 RECLOSE_PETIR)\GI Bantul Bay Semanu 2 DFR Relay\20260209_125935_326_r066.cfg,PETIR,'DistanceFeatures' object has no attribute 'fault_duration_ms',"s\36. DFR GANGGUAN UIT JBT\pipeline\batch_extract.py"", line 147, in flatten_features
    d[""duration_ok""] = feat.fault_duration_ms >= 5.0
                       ^^^^^^^^^^^^^^^^^^^^^^
AttributeError: 'DistanceFeatures' object has no attribute 'fault_duration_ms'. Did you mean: 'record_duration_ms'?
"
"C:\Users\hafizna.fadhli\Downloads\36. DFR GANGGUAN UIT JBT\raw_data\UPT SALATIGA\2026\02. Februari\2026_02_19_SUTT PEDAN - WONOSARI #1 Reclose_PETIR\260219,080448110,+7h0,GI WONOSARI,PEDAN 1-2,Qualitrol LLC.cfg",PETIR,protection=UNKNOWN,
C:\Users\hafizna.fadhli\Downloads\36. DFR GANGGUAN UIT JBT\raw_data\UPT SALATIGA\2026\02. Februari\2026_02_19_SUTT PEDAN - WONOSARI #1 Reclose_PETIR\PEDAN-WONOSARI #1 Internal.CFG,PETIR,protection=UNKNOWN,
C:\Users\hafizna.fadhli\Downloads\36. DFR GANGGUAN UIT JBT\raw_data\UPT SALATIGA\2026\02. Februari\2026_02_19_SUTT PEDAN - WONOSARI #1 Reclose_PETIR\ZQA4.cfg,PETIR,'DistanceFeatures' object has no attribute 'fault_duration_ms',"s\36. DFR GANGGUAN UIT JBT\pipeline\batch_extract.py"", line 147, in flatten_features
    d[""duration_ok""] = feat.fault_duration_ms >= 5.0
                       ^^^^^^^^^^^^^^^^^^^^^^
AttributeError: 'DistanceFeatures' object has no attribute 'fault_duration_ms'. Did you mean: 'record_duration_ms'?
"
C:\Users\hafizna.fadhli\Downloads\36. DFR GANGGUAN UIT JBT\raw_data\UPT SEMARANG\2024\04. APRIL 2024\20240421_GI TANJUNGJATI_BAY JEPARA #2_PETIR\20240421 GI JEPARA BAY TANJUNGJATI 2\GIJPR BAY TJT2\20240421.CFG,PETIR,'DistanceFeatures' object has no attribute 'fault_duration_ms',"s\36. DFR GANGGUAN UIT JBT\pipeline\batch_extract.py"", line 147, in flatten_features
    d[""duration_ok""] = feat.fault_duration_ms >= 5.0
                       ^^^^^^^^^^^^^^^^^^^^^^
AttributeError: 'DistanceFeatures' object has no attribute 'fault_duration_ms'. Did you mean: 'record_duration_ms'?
"
C:\Users\hafizna.fadhli\Downloads\36. DFR GANGGUAN UIT JBT\raw_data\UPT SEMARANG\2024\11. NOVEMBER 2024\20241102_GI SAYUNG_BAY KUDUS#2_PETIR\20241102_GI KUDUS_BAY SAYUNG#2_DFR\02-11-2024 Internal DFR GI Kudus bay Sayung#2\sayung 2 02-11-2024\2024110200.cfg,PETIR,protection=UNKNOWN,
C:\Users\hafizna.fadhli\Downloads\36. DFR GANGGUAN UIT JBT\raw_data\UPT SEMARANG\2024\11. NOVEMBER 2024\20241102_GI SAYUNG_BAY KUDUS#2_PETIR\20241102_GI KUDUS_BAY SAYUNG#2_DFR\02-11-2024 Internal DFR GI Kudus bay Sayung#2\sayung 2 02-11-2024\2024110201.cfg,PETIR,no fault detected,
C:\Users\hafizna.fadhli\Downloads\36. DFR GANGGUAN UIT JBT\raw_data\UPT SEMARANG\2024\11. NOVEMBER 2024\20241121_GI JEPARA_BAY TANJUNGJATI#1_PETIR\20241121_GI TANJUNGJATI_BAY JEPARA#1_DFR\211124 Internal SISI Tjati\24.11.21 11.55.31.000.000.CFG,PETIR,'DistanceFeatures' object has no attribute 'fault_duration_ms',"s\36. DFR GANGGUAN UIT JBT\pipeline\batch_extract.py"", line 147, in flatten_features
    d[""duration_ok""] = feat.fault_duration_ms >= 5.0
                       ^^^^^^^^^^^^^^^^^^^^^^
AttributeError: 'DistanceFeatures' object has no attribute 'fault_duration_ms'. Did you mean: 'record_duration_ms'?
"
C:\Users\hafizna.fadhli\Downloads\36. DFR GANGGUAN UIT JBT\raw_data\UPT SEMARANG\2024\11. NOVEMBER 2024\20241123_GI KUDUS_BAY PURWODADI#2_PETIR\20241123 GI KUDUS_BAY PURWODADI#2_DFR\INTERNAL SISI KUDUS\purwodadi 2 23-11-2024\2024112300.cfg,PETIR,protection=UNKNOWN,
C:\Users\hafizna.fadhli\Downloads\36. DFR GANGGUAN UIT JBT\raw_data\UPT SEMARANG\2024\11. NOVEMBER 2024\20241123_GI KUDUS_BAY PURWODADI#2_PETIR\20241123 GI KUDUS_BAY PURWODADI#2_DFR\INTERNAL SISI KUDUS\purwodadi 2 23-11-2024\2024112301.cfg,PETIR,no fault detected,
C:\Users\hafizna.fadhli\Downloads\36. DFR GANGGUAN UIT JBT\raw_data\UPT SEMARANG\2024\12. DESEMBER 2024\20241228_GI KUDUS_BAY JEKULO#2_PETIR\20241228_GI KUDUS_BAY JEKULO#2_DFR\Eksternal 281224_Kudus Jekulo\ZQE.cfg,PETIR,protection=UNKNOWN,
C:\Users\hafizna.fadhli\Downloads\36. DFR GANGGUAN UIT JBT\raw_data\UPT SEMARANG\2025_DFR GANGGUAN\04. APRIL 2025_DFR_SMG\20250413_GI SGB_BAY PWDADI#2_PETIR\DFR INTERNAL RECLOSE PWD 2 13042025\RECLOSE PWD 2 13042025\RECLOSE BAY PWD 2 13042025.CFG,PETIR,parse returned None,
C:\Users\hafizna.fadhli\Downloads\36. DFR GANGGUAN UIT JBT\raw_data\UPT SEMARANG\2025_DFR GANGGUAN\04. APRIL 2025_DFR_SMG\20250413_GITET UNGARAN BAY KRIAN (PETIR)\13_4_2025 DFR Internal Ungaran - Krian\LPA .CFG,PETIR,'DistanceFeatures' object has no attribute 'fault_duration_ms',"s\36. DFR GANGGUAN UIT JBT\pipeline\batch_extract.py"", line 147, in flatten_features
    d[""duration_ok""] = feat.fault_duration_ms >= 5.0
                       ^^^^^^^^^^^^^^^^^^^^^^
AttributeError: 'DistanceFeatures' object has no attribute 'fault_duration_ms'. Did you mean: 'record_duration_ms'?
"
C:\Users\hafizna.fadhli\Downloads\36. DFR GANGGUAN UIT JBT\raw_data\UPT SEMARANG\2025_DFR GANGGUAN\04. APRIL 2025_DFR_SMG\20250413_GITET UNGARAN BAY KRIAN (PETIR)\13_4_2025 DFR Internal Ungaran - Krian\LPB.CFG,PETIR,'DistanceFeatures' object has no attribute 'fault_duration_ms',"s\36. DFR GANGGUAN UIT JBT\pipeline\batch_extract.py"", line 147, in flatten_features
    d[""duration_ok""] = feat.fault_duration_ms >= 5.0
                       ^^^^^^^^^^^^^^^^^^^^^^
AttributeError: 'DistanceFeatures' object has no attribute 'fault_duration_ms'. Did you mean: 'record_duration_ms'?
"
