label,cfg_path,station_name,relay_model,voltage_kv,protection_type,zone_operated,trip_type,faulted_phases,fault_type,is_ground_fault,reclose_attempted,reclose_successful,reclose_time_ms,fault_count,fault_duration_ms,fault_inception_ms,di_dt_max,di_dt_phase,peak_fault_current_a,peak_fault_phase,i0_i1_ratio,thd_percent,inception_angle_degrees,voltage_sag_depth_pu,voltage_sag_phase,r_x_ratio,z_magnitude_ohms,z_angle_degrees,sampling_rate_hz,record_duration_ms,teleprotection_rx,comms_failure,scaling_ok,duration_ok
PETIR,C:\Users\hafizna.fadhli\Downloads\36. DFR GANGGUAN UIT JBT\raw_data\UPT BANDUNG\2024\04. APRIL\23042024_GI PDLRU_JTLHUR 1_PETIR\April\20240423_015038_330_r065.cfg,GI PADALARANG,1,70.0,DISTANCE,Z2+Z3,single_pole,A,SLG,True,False,,,1,81.73203,2086.67,1503769.3860396952,A,4657.45849609375,A,1.0150821512415829,9.761533944033578,332.4133852457198,0.016028363096919806,C,0.40044054693878395,20.826391096631543,68.17683392301304,1199.0408,5003.166,False,False,True,True
PETIR,C:\Users\hafizna.fadhli\Downloads\36. DFR GANGGUAN UIT JBT\raw_data\UPT BANDUNG\2024\04. APRIL\24042024_GI CGRLG_MJLYA 2_PETIR\April\20240423_015038_330_r065.cfg,GI PADALARANG,1,70.0,DISTANCE,Z2+Z3,single_pole,A,SLG,True,False,,,1,81.73203,2086.67,1503769.3860396952,A,4657.45849609375,A,1.0150821512415829,9.761533944033578,332.4133852457198,0.016028363096919806,C,0.40044054693878395,20.826391096631543,68.17683392301304,1199.0408,5003.166,False,False,True,True
PETIR,C:\Users\hafizna.fadhli\Downloads\36. DFR GANGGUAN UIT JBT\raw_data\UPT BANDUNG\2024\04. APRIL\24042024_GI MJLYA_CGRLG 2_PETIR\20240424_140910_746_r245.cfg,MAJALAYA,1,39.22345886485223,DISTANCE,Z1,single_pole,A,SLG,True,True,True,1692.656,4,79.96803,691.39,285528.6484034365,A,861.878662109375,A,2.63736990286524,23.102372388447215,347.2143488193998,0.8454310051657276,A,0.6556934387150241,6.388554039668226,56.747407084302324,1200.4802,4018.1113,True,False,True,True
LAYANG,C:\Users\hafizna.fadhli\Downloads\36. DFR GANGGUAN UIT JBT\raw_data\UPT BANDUNG\2024\06. JUNI\04062024_GI SMDNG_UBRNG 1_LAYANG-LAYANG\04062024\20240604_132402_186_r174.cfg,GI UJUNGBERUNG,1,40.068901157792546,DISTANCE,Z1,single_pole,C,SLG,True,True,True,2682.26,2,79.96797,1709.32,918599.8210211552,C,3118.78564453125,C,0.8173138175933694,24.51519005019306,350.62751156965453,0.9081579922373926,C,1.7548585623676356,1.201007933641455,29.676501337194157,1200.4802,5017.159,True,False,True,True
LAYANG,C:\Users\hafizna.fadhli\Downloads\36. DFR GANGGUAN UIT JBT\raw_data\UPT BANDUNG\2024\06. JUNI\04062024_GI UBRNG_SMDNG 1_LAYANG-LAYANG\04062024\20240604_132402_186_r174.cfg,GI UJUNGBERUNG,1,40.068901157792546,DISTANCE,Z1,single_pole,C,SLG,True,True,True,2682.26,2,79.96797,1709.32,918599.8210211552,C,3118.78564453125,C,0.8173138175933694,24.51519005019306,350.62751156965453,0.9081579922373926,C,1.7548585623676356,1.201007933641455,29.676501337194157,1200.4802,5017.159,True,False,True,True
PETIR,C:\Users\hafizna.fadhli\Downloads\36. DFR GANGGUAN UIT JBT\raw_data\UPT BANDUNG\2025\02. FEBRUARI\ULTG BDBS\20250224_GI CIKALONG_BAY CIGERELENG#2_PETIR1.CFG,GI CIKALONG,1,39.99655098198557,DISTANCE,Z1,single_pole,A,SLG,True,False,,,1,81.53606,1703.94,390066.10539686464,A,2375.320068359375,A,1.2936650762867379,18.870757122808623,2.6740748558966128,0.5797280391393347,A,0.5781232844295496,12.569968647874132,59.96679323580709,1201.9231,5011.1597,False,False,True,True
PETIR,C:\Users\hafizna.fadhli\Downloads\36. DFR GANGGUAN UIT JBT\raw_data\UPT BANDUNG\2025\02. FEBRUARI\ULTG BDBS\20250224_GI CIKALONG_BAY CIGERELENG#2_PETIR2.CFG,GI CIKALONG,1,39.96276041333535,DISTANCE,Z1,single_pole,A,SLG,True,False,,,1,79.871895,1725.57,387576.336827029,A,2372.55810546875,A,1.307595923434666,22.52527569147199,357.83455328723267,0.4002236634706767,A,0.5850464474104828,12.697023473777202,59.670383212746884,1201.9231,5011.136,False,False,True,True
PETIR,C:\Users\hafizna.fadhli\Downloads\36. DFR GANGGUAN UIT JBT\raw_data\UPT BEKASI\2024\Apr 2024\20240401_Reclose Juishin - Cileungsi_Petir BFO\010424\FR000001.cfg,GI JUISHIN BAY CILEUNGSI   Folder   7SA522 V4.7 Var,000882,0.057888240615920496,DISTANCE,UNKNOWN,single_pole,C,SLG,True,True,,,1,97.99999,250.0,1896.1918645484511,C,9.133055686950684,C,0.9625458923137888,19.06978388394275,0.0,0.8537381153746414,C,0.3649560007243391,1.6268406791795382,69.95014248583487,999.99994,415.0,False,False,False,True
PETIR,C:\Users\hafizna.fadhli\Downloads\36. DFR GANGGUAN UIT JBT\raw_data\UPT BEKASI\2024\Apr 2024\20240401_Reclose Juishin - Cileungsi_Petir BFO\Reclose_Bay_Juishin_phasa_T_01042024\Reclose_Bay_Juishin_phasa_T_01042024.CFG,Reclose_bay_juishin_2024   Folder   7SA522 V4.7 Var,UNKNOWN,0.057738803921649685,DISTANCE,UNKNOWN,single_pole,C,SLG,True,True,,,1,111.999985,250.0,1147.210066665231,C,4.340188503265381,C,1.0824263634467128,7.377556362389656,0.0,0.4933676945066766,C,0.36772884272249184,11.276805310551971,69.8100691758444,999.99994,447.0,False,False,False,True
PETIR,C:\Users\hafizna.fadhli\Downloads\36. DFR GANGGUAN UIT JBT\raw_data\UPT BEKASI\2024\Feb 2024\01022024 Reclose Cibatu bay Cileungsi_PETIR\Bay_Cibatu_Reclose_Phasa_S_01022024\Cibatu_Reclose_PhS_01022024.CFG,Cibatu_Reclose_0102024   Folder   7SA522 V4.7 Var,UNKNOWN,0.05643789368129017,DISTANCE,UNKNOWN,single_pole,B,SLG,True,True,,,1,99.00001,250.0,1211.6778140928889,B,4.575027942657471,B,1.948944021091334,14.98636653066798,0.0,0.9239631155322872,B,3.1580422343645984,1.2841287570358266,17.57048860001595,999.99994,414.0,False,False,False,True
PETIR,C:\Users\hafizna.fadhli\Downloads\36. DFR GANGGUAN UIT JBT\raw_data\UPT BEKASI\2024\Feb 2024\25022024 Reclose Juishin - Cileungsi_PETIR\GI Cileungsi Reclose bay Juishin Phasa R 26 Feb 2024\reclose juishin phasa r\Reclose_Bay_Juishin_phasa_R_25022024.CFG,Reclose_Bay_Juishin02   Folder   7SA522 V4.7 Var,UNKNOWN,0.058506744166055134,DISTANCE,UNKNOWN,single_pole,A,SLG,True,True,,,1,118.000015,249.0,967.5046863567652,A,3.708914279937744,A,0.925460101596883,17.01718215441449,0.0,0.3775671184086735,A,0.45445309900548336,10.998957626499266,65.56043086189247,999.99994,447.0,False,False,False,True
PETIR,C:\Users\hafizna.fadhli\Downloads\36. DFR GANGGUAN UIT JBT\raw_data\UPT BOGOR\2025\02. FEBRUARI\20250225_GI CIBADAK BARU BAY PRATU#1_PETIR\GGN200225 OK.CFG,GI CBDRU,1,70.0,DISTANCE,Z1,three_pole,A+B+C,3PH,True,False,,,1,126.76811,4383.5,6866087.57488419,C,29667.4609375,B,1.09527324410539,20.19426781973173,337.462206407042,0.8744913120879679,C,4.069089269129538,127.16447152786478,-166.19288483795324,1199.0408,6504.3657,False,False,True,True
PETIR,C:\Users\hafizna.fadhli\Downloads\36. DFR GANGGUAN UIT JBT\raw_data\UPT BOGOR\2025\02. FEBRUARI\20250225_GI CIBADAK BARU BAY PRATU#1_PETIR\Tuesday 25 February 2025 19.21.25.000.CFG,GI CBDRU,1,8.255657117314273,DISTANCE,Z1,unknown,,UNKNOWN,False,True,False,,1,80.06394,1025.82,6006584.363177275,B,22888.693359375,B,0.051459277552272434,7.839898390548799,348.5553231325168,0.25603720185050605,B,0.9401503956839243,0.4864230792472829,46.76689531275022,1199.0408,6504.3657,True,False,True,True
PETIR,C:\Users\hafizna.fadhli\Downloads\36. DFR GANGGUAN UIT JBT\raw_data\UPT BOGOR\2025\02. FEBRUARI\20250225_GIS PRATU BAY CIBADAK BARU#1_PETIR\250225.CFG,AREVA,1,70.0,DISTANCE,Z2+Z3,three_pole,A+B+C,3PH,False,False,,,1,33.360004,5200.82,854586.3322567242,B,2850.89990234375,B,0.029826671001112373,38.65297040891175,34.061813627960895,0.05474998452532155,A,0.5550145690291196,13.256698977476892,60.96908715026068,1199.0408,6003.966,False,False,True,True
PETIR,"C:\Users\hafizna.fadhli\Downloads\36. DFR GANGGUAN UIT JBT\raw_data\UPT CIREBON\2024\01. JANUARI\01. 20240102 RECLOSE SRAGI-ARJWN 1,2 (2 JAN 2024)_PETIR\GI SRAGI\PHT. 1\PCS900_RCD_01065_20240102_212020_415.CFG",NR,LINE_DISTANCE_RELAY,41.334826823246026,DISTANCE,Z1,three_pole,A+B+C,3PH,False,True,False,,1,65.83333,1018.33,1590104.6612036217,A,5530.5234375,A,0.057454832942235294,2.608358211704638,12.979831921991805,0.7296006138906483,B,0.5397107093271049,3.9784018469248084,61.64378828345629,1200.0,11000.0,True,False,True,True
PETIR,C:\Users\hafizna.fadhli\Downloads\36. DFR GANGGUAN UIT JBT\raw_data\UPT CIREBON\2024\01. JANUARI\04. RECLOSE JTGEDE-RCEKEK 2 (9 JAN 2024)_PETIR\GI JATIGEDE\PHT 2\PCS900_RCD_01330_20240109_165250_112.CFG,NR,LINE_DISTANCE_RELAY,0.055950001073230005,DISTANCE,Z1,three_pole,A+B+C,3PH,True,True,True,,1,168.33333,216.67,625.0610706847274,B,2.1750435829162598,B,0.763865581466412,20.12672318092466,39.66885466636435,0.8816971454757819,C,,,,1200.0,5774.1665,True,False,False,True
PETIR,"C:\Users\hafizna.fadhli\Downloads\36. DFR GANGGUAN UIT JBT\raw_data\UPT CIREBON\2024\01. JANUARI\05. RECLOSE MDRCN-SRAGI 1,2 (11 JAN 2024)_PETIR\GI MDRCN\DFR EKSTERNAL SRAGI 1,2\ZQ79.cfg",GI 150 KV MANDIRANCAN,SUNYARAGI 1-2,70.0,DISTANCE,UNKNOWN,unknown,,UNKNOWN,True,False,,,1,496.24997,157.71,1233016.9623307502,A,3206.83984375,A,0.3333822118678389,13.658515098342768,313.6963380660137,0.0032432767990793303,B,0.3618493038862427,19.031296279236397,70.10737824690437,19200.0,3009.948,False,False,True,True
PETIR,C:\Users\hafizna.fadhli\Downloads\36. DFR GANGGUAN UIT JBT\raw_data\UPT CIREBON\2024\01. JANUARI\10. RECLOSE JTGEDE-RCEKEK 2 (31 JAN 2024)_PETIR\GI JATIGEDE\PCS900_RCD_01331_20240131_154628_272.CFG,NR,LINE_DISTANCE_RELAY,0.0570239288836298,DISTANCE,Z1,single_pole,C,SLG,True,True,True,,1,46.666683,220.0,413.89177929499533,C,1.4042757749557495,C,1.0328259167224816,27.834624311547724,0.0,0.7538294803920882,C,0.8488890641521609,12.892901921214165,49.672436919185294,1200.0,5777.5,True,False,False,True
PETIR,C:\Users\hafizna.fadhli\Downloads\36. DFR GANGGUAN UIT JBT\raw_data\UPT CIREBON\2024\01. JANUARI\11. RECLOSE PRKAN-SMDG 2 (31 JAN 2024)_PETIR\GI SUMEDANG\PRKAN 2\20240131_153214_721_r088(1).cfg,GI SUMEDANG,1,39.9327018507911,DISTANCE,Z1,unknown,B+C,DLG,True,True,True,4453.524,2,243.23595,1704.32,453496.47828557267,C,1491.7132568359375,C,1.0182255842347145,100.0,332.7463670404726,0.6817585459479923,C,-0.4818620392520788,15627.635985239225,115.72765200975383,1200.4802,5017.5674,True,False,True,True
PETIR,C:\Users\hafizna.fadhli\Downloads\36. DFR GANGGUAN UIT JBT\raw_data\UPT CIREBON\2024\01. JANUARI\11. RECLOSE PRKAN-SMDG 2 (31 JAN 2024)_PETIR\GI SUMEDANG\PRKAN 2\20240131_153214_721_r088.cfg,GI SUMEDANG,1,39.9327018507911,DISTANCE,Z1,unknown,B+C,DLG,True,True,True,4453.524,2,243.23595,1704.32,453496.47828557267,C,1491.7132568359375,C,1.0182255842347145,100.0,332.7463670404726,0.6817585459479923,C,-0.4818620392520788,15627.635985239225,115.72765200975383,1200.4802,5017.5674,True,False,True,True
PETIR,C:\Users\hafizna.fadhli\Downloads\36. DFR GANGGUAN UIT JBT\raw_data\UPT CIREBON\2024\02. FEBRUARI\03. RECLOSE JTGEDE-RCEKEK 2 (2 FEB 2024)_PETIR\REKAMAN DFR\PHT 2\PCS900_RCD_01332_20240202_135147_479.CFG,NR,LINE_DISTANCE_RELAY,0.04823224589799052,DISTANCE,Z1,single_pole,A,SLG,True,True,True,,1,52.500008,218.33,535.3141267614744,A,1.8230948448181152,A,0.9261207723760324,2.588850018594784,0.0,0.8461731508937899,C,0.2541946641979037,12.207246951415556,75.73778162699828,1200.0,5782.5,True,False,False,True
PETIR,C:\Users\hafizna.fadhli\Downloads\36. DFR GANGGUAN UIT JBT\raw_data\UPT CIREBON\2024\02. FEBRUARI\08. RECLOSE JTGEDE-RCEKEK 2 (17 FEB 2024)_PETIR\REKAMAN DFR\GI RANCAEKEK\20240217_142408_276_r104.cfg,GI RANCAEKEK,1,70.0,DISTANCE,Z1,three_pole,A+B+C,3PH,False,True,True,4695.42,3,80.06394,1688.02,2265590.5877905875,B,7619.888671875,C,0.26765168428770486,100.0,328.99349170764907,0.17407930834612168,C,-0.15502400192300758,34190.16176680381,-81.18792407425079,1199.0408,5003.334,False,False,True,True
PETIR,C:\Users\hafizna.fadhli\Downloads\36. DFR GANGGUAN UIT JBT\raw_data\UPT CIREBON\2024\02. FEBRUARI\09 - RECLOSE SUKSES SUTET 500KV TASIKMALAYA-DEPOK (20 FEB 2024)_PETIR\RELAY LINE DIFF\RELE MAIN B\371_202202473645559_FRA00371.CFG,GITET TASIKMALAYA,BM2304018896,0.05746332694134795,DISTANCE,Z1,single_pole,A+B+C,3PH,True,True,,1555.25,2,1055.0001,500.25,1657.3270964215678,A,7.701929092407227,A,1.150989342806513,25.943699265025295,0.0,0.45085870940390194,A,0.12933291770041025,8.571255448751286,82.63067687201149,7999.9995,5497.5,True,True,False,True
PETIR,C:\Users\hafizna.fadhli\Downloads\36. DFR GANGGUAN UIT JBT\raw_data\UPT CIREBON\2024\02. FEBRUARI\10 - RECLOSE SUKSES SUTT 70KV SUMADRA-SANTOSA (20 FEB 2024)_PETIR\RELAY DISTANCE\GI SANTOSA BAY SUMADRA\DR\Tuesday 20 February 2024 13.25.38.000.CFG,GI SANTOSA,1,40.12749556462348,DISTANCE,Z1,single_pole,A,SLG,True,False,,,1,79.96797,994.87,571734.6872102675,A,1891.760009765625,A,0.7297171698703897,2.522879887321266,328.9889759871537,0.38926217440925037,A,0.6805307164669387,12.03340559583823,55.763509909253386,1200.4802,5018.311,True,False,True,True
PETIR,C:\Users\hafizna.fadhli\Downloads\36. DFR GANGGUAN UIT JBT\raw_data\UPT CIREBON\2024\02. FEBRUARI\10 - RECLOSE SUKSES SUTT 70KV SUMADRA-SANTOSA (20 FEB 2024)_PETIR\RELAY DISTANCE\Tuesday 20 February 2024 11.50.19.000.CFG,70 kV SNTSA,1,40.239665484683805,DISTANCE,Z1,single_pole,A,SLG,True,True,True,584.91,3,136.61203,444.97,449280.9034969388,A,1711.0589599609375,A,1.0401053975722006,11.862782064811894,341.3174880022912,0.04643013657069752,C,1.4681986678734293,5.163939408814129,34.25904087513495,1200.4802,4017.0312,True,False,True,True
PETIR,C:\Users\hafizna.fadhli\Downloads\36. DFR GANGGUAN UIT JBT\raw_data\UPT CIREBON\2024\02. FEBRUARI\15. RECLOSE BANJAR - PANGANDARAN 1 (24 FEB 2024)_PETIR\DFR Internal Bay Pangandaran 1\RECLOSE PDRN 1 240223\Saturday 24 February 2024 16.46.44.000.CFG,PDRAN 1,1,39.47004377225269,DISTANCE,Z2+Z3,three_pole,A+B+C,3PH,True,False,,,1,79.96797,877.98,301363.1453826825,B,975.9730224609375,B,0.5662101436478344,1.591467960776352,342.4369049705209,0.0013842554509058526,B,3.1258710114568893,437.7270935122617,17.740037182956225,1200.4802,1518.559,True,False,True,True
PETIR,C:\Users\hafizna.fadhli\Downloads\36. DFR GANGGUAN UIT JBT\raw_data\UPT CIREBON\2024\02. FEBRUARI\16. RECLOSE SUKSES SUTT 70 KV SUMADRA-PAMEUNGPEUK #1-2 (29 FEB 2024)_PETIR\RELAY DISTANCE\GI SMDRA BAY PMPEK 1\Thursday 29 February 2024 14.07.21.000.CFG,PMPEK 1,1,40.69586341808394,DISTANCE,Z1,single_pole,A,SLG,True,True,True,489.804,3,88.298,394.84,300073.237326889,A,1016.416015625,A,0.8727279744246385,1.9130796702393524,333.60919512271533,0.6681471656206777,A,0.5757291162049148,13.479988854114964,60.069712820594056,1200.4802,4018.9749,False,False,True,True
PETIR,C:\Users\hafizna.fadhli\Downloads\36. DFR GANGGUAN UIT JBT\raw_data\UPT CIREBON\2024\02. FEBRUARI\16. RECLOSE SUKSES SUTT 70 KV SUMADRA-PAMEUNGPEUK #1-2 (29 FEB 2024)_PETIR\RELAY DISTANCE\GI SMDRA BAY PMPEK 2\Thursday 29 February 2024 14.26.34.001.CFG,PMPEUK 2,1,40.60319899977785,DISTANCE,Z1,single_pole,A,SLG,True,True,True,3510.262,2,79.968,398.17,311678.27914842963,A,1005.3679809570312,A,0.8736130985077103,1.3317028045464971,329.14094826232,0.65457029934752,A,0.5912874032848016,13.924356998018295,59.40470987832607,1200.4802,4018.495,False,False,True,True
PETIR,C:\Users\hafizna.fadhli\Downloads\36. DFR GANGGUAN UIT JBT\raw_data\UPT CIREBON\2024\03. MARET\01 - RECLOSE SUKSES SUTT 70 KV SUMADRA-PAMEUNGPEUK #2 (07 MARET 2024)_PETIR\RELAY DISTANCE\GI SUMADRA BAY PMPEK #2\Thursday 07 March 2024 12.41.09.000.CFG,PMPEUK 2,1,40.16765052215398,DISTANCE,Z1,single_pole,A,SLG,True,True,True,3508.596,2,79.968,394.84,514766.515604859,A,1662.7239990234375,A,0.8242432614868159,0.86561030600591,28.495763080936943,0.503016931564004,A,0.6054673854210245,12.772523705339811,58.806462108956225,1200.4802,4018.2551,False,False,True,True
PETIR,C:\Users\hafizna.fadhli\Downloads\36. DFR GANGGUAN UIT JBT\raw_data\UPT CIREBON\2024\04. APRIL\06042024_GI KADIPATEN_BAY ARJAWIANGUN #1-2_PETIR\REKAMAN DFR\GI ARJAWINANGUN\PHT 1\KDPTN-1\20240406_133827_729_r178.cfg,KADIPATEN-1,1,40.45321778257385,DISTANCE,Z1,single_pole,B,SLG,True,True,,4383.346,3,79.96797,3382.08,321952.4607947328,B,1070.718505859375,B,0.8191381458681147,9.002286634288561,355.4264649465602,0.6239733079652254,B,0.6540188400479376,15.383097758167539,56.81455782891113,1199.0408,11018.191,False,False,True,True
PETIR,C:\Users\hafizna.fadhli\Downloads\36. DFR GANGGUAN UIT JBT\raw_data\UPT CIREBON\2024\04. APRIL\08042024_GI SUNYARAGI_BAY KUNINGAN#1_PETIR\REKAMAN DFR\GI KUNINGAN\SRAGI-1 GI Kuningan\20240408_191051_385_r114.cfg,SUNYARAGI-1,1,37.421782168848495,DISTANCE,Z1,three_pole,A+B+C,3PH,False,True,,1972.6849,2,100.730064,1876.95,158972.37542656827,C,820.3570556640625,A,0.2474366542593921,95.35005132474298,339.0910778924663,0.06795280894494689,B,4.412097785991804,7.926585000640477,-167.22968995190695,2398.0815,13470.147,True,False,True,True
PETIR,C:\Users\hafizna.fadhli\Downloads\36. DFR GANGGUAN UIT JBT\raw_data\UPT CIREBON\2025\01.JANUARI\02. RECLOSE BANJAR - PANGANDARAN 1-2 (14 JAN 20245)_PETIR\DFR Rele Bay Banjar 1\Tuesday 14 January 2025 14.50.53.000.CFG,BNJAR 1,1,37.5328150909972,DISTANCE,Z1,single_pole,B,SLG,True,True,True,1807.61,4,79.96797,804.68,427677.0775947253,B,1348.7979736328125,B,1.0803792390496152,1.7227526934055355,35.26429969348042,0.9300903543884874,A,0.6343094693905393,5.750383934957955,57.61265688081954,1200.4802,3017.9592,True,False,True,True
PETIR,C:\Users\hafizna.fadhli\Downloads\36. DFR GANGGUAN UIT JBT\raw_data\UPT CIREBON\2025\01.JANUARI\02. RECLOSE BANJAR - PANGANDARAN 1-2 (14 JAN 20245)_PETIR\DFR Rele Bay Pangandaran 1\Tuesday 14 January 2025 15.44.39.000.CFG,PDRAN 1,1,39.562527106038004,DISTANCE,Z1,three_pole,A+B+C,3PH,False,False,,,1,98.29402,493.14,607699.2821697077,A,2016.5689697265625,A,0.09890106744152813,1.3024734342043807,315.631238523191,0.36786815698459935,B,0.6514361195485338,18.83757962571314,56.91832604694138,1200.4802,1518.559,True,False,True,True
PETIR,C:\Users\hafizna.fadhli\Downloads\36. DFR GANGGUAN UIT JBT\raw_data\UPT CIREBON\2025\01.JANUARI\02. RECLOSE BANJAR - PANGANDARAN 1-2 (14 JAN 20245)_PETIR\DFR Rele Bay Pangandaran 2\Tuesday 14 January 2025 15.47.05.000.CFG,PANGANDARAN 2,1,40.62501941547527,DISTANCE,Z2+Z3,three_pole,A+B+C,3PH,False,False,,,1,79.96803,872.98,258595.44426343933,A,835.1279907226562,A,0.28956545130121686,2.9636283681895095,34.909690919396255,0.016532735246862065,C,1.1233106581377819,34.65746053229863,41.676297252253775,1200.4802,5016.919,False,False,True,True
PETIR,"C:\Users\hafizna.fadhli\Downloads\36. DFR GANGGUAN UIT JBT\raw_data\UPT CIREBON\2025\01.JANUARI\03. RECLOSE SUTET MDCAN-IDMYU 1 (15 JAN 2025)_PETIR\GITET MDCAN\IDMYU-1\250115,143941520,+7h0,GITET MANDIRANCAN,INDRAMAYU 1-2,Qualitrol LLC.cfg",GITET MANDIRANCAN,INDRAMAYU 1-2,275.0,DISTANCE,UNKNOWN,unknown,,UNKNOWN,True,True,,107.265625,2,80.0,96.25,5857924.592299564,B,18019.27947998047,B,1.0072321305577363,8.494190093486626,355.26454180477845,0.504564952989566,B,-8.042030305714189,436.75905500826167,-7.088158416661769,25600.0,649.96094,True,False,True,True
PETIR,C:\Users\hafizna.fadhli\Downloads\36. DFR GANGGUAN UIT JBT\raw_data\UPT CIREBON\2025\03. MARET\01. RECLOSE SUKSES SUTET 500KV TASIK-BDSLN (06 MARET 2025)_PETIR\RELAY LCD\GITET TASIK BAY BANSEL\Reclose bansel Main A 06032025\Main A 05032025.CFG,GITET Bandung Selatan,BM1909009069,0.05761540466812204,DISTANCE,Z1,single_pole,A,SLG,True,False,,,1,529.00006,501.12,1434.1879401881388,A,5.01472806930542,A,1.0303322972630948,48.90782552396047,0.0,0.6116773687090495,A,0.22266231769543016,8.450993614133527,77.44716553536507,7999.9995,1075.0,True,True,False,True
PETIR,C:\Users\hafizna.fadhli\Downloads\36. DFR GANGGUAN UIT JBT\raw_data\UPT CIREBON\2025\03. MARET\04. RECLOSE SUTT TASIKMALAYA - MALANGBONG #1 (15 MARET 2025)_PETIR\GI Malangbong\Saturday 15 March 2025 13.50.16.000.CFG,TSMYA 1,1,39.91245987451589,DISTANCE,Z1,single_pole,C,SLG,True,True,True,6940.437,2,98.29402,771.24,322637.01142276387,C,1070.4219970703125,C,1.0083298411705475,0.9401224735220488,335.32088121440125,0.042812448946830554,A,0.6731531081804436,16.57333290456318,56.05340896573714,1201.9231,7016.24,True,False,True,True
PETIR,C:\Users\hafizna.fadhli\Downloads\36. DFR GANGGUAN UIT JBT\raw_data\UPT CIREBON\2025\03. MARET\04. RECLOSE SUTT TASIKMALAYA - MALANGBONG #1 (15 MARET 2025)_PETIR\GI Tasikmalaya\Monday 31 January 1994 05.19.17.000.CFG,MLBNG 1,1,41.06156262607135,DISTANCE,Z1,single_pole,C,SLG,True,False,,,1,79.96797,804.53,738986.1599914079,C,2419.219970703125,C,0.7469103321295116,0.9953845221416384,338.75739709111673,0.6748690818104356,C,0.9913477099593736,4.566724985726845,45.24894526475531,1200.4802,3177.751,True,False,True,True
POHON,C:\Users\hafizna.fadhli\Downloads\36. DFR GANGGUAN UIT JBT\raw_data\UPT CIREBON\2025\03. MARET\05. FINAL TRIP SRAGI-ARJWN 2 ( 31 MARET 2025)_RANTING POHON\GI ARJWN\GI Arjawinangun\20250331_143255_058_r150.cfg,SUNYARAGI-2,1,40.406535343950914,DISTANCE,Z1+Z2,three_pole,A+B+C,3PH,True,True,False,3332.8381,4,1279.474,3330.75,605565.8298661413,C,1882.7359619140625,C,1.1890307508524685,6.925174834535959,33.52130490474715,0.10395041733517238,A,-0.897561347200315,236.92308865363847,131.9099229585349,2403.8462,11218.426,True,False,True,True
PETIR,C:\Users\hafizna.fadhli\Downloads\36. DFR GANGGUAN UIT JBT\raw_data\UPT CIREBON\2025\04. APRIL\02. RECLOSE PRKAN-SMDG 2 (4 APRIL 2025)_PETIR\GI PARAKAN\Friday 04 April 2025 15.25.23.000.CFG,SUMEDANG-2,1,38.97308672829691,DISTANCE,Z1,single_pole,B,SLG,True,True,,4414.592,2,79.87213,3412.86,114530.05112829465,B,1241.51904296875,B,1.0236102893491104,37.31784548692552,90.0,0.7880892652663581,B,1.2047139543350591,14.54722497829151,39.69513476293578,1201.9231,11041.496,True,False,True,True
PETIR,C:\Users\hafizna.fadhli\Downloads\36. DFR GANGGUAN UIT JBT\raw_data\UPT CIREBON\2025\04. APRIL\02. RECLOSE PRKAN-SMDG 2 (4 APRIL 2025)_PETIR\GI PARAKAN\RIO GI PRKAN\RIO GI PRKAN.cfg,SUMEDANG-2,1,38.97308672829691,DISTANCE,Z1,single_pole,B,SLG,True,True,,4414.592,2,79.87213,3412.86,114530.05112829465,B,1241.51904296875,B,1.0236102893491104,37.31784548692552,90.0,0.7880892652663581,B,1.2047139543350591,14.54722497829151,39.69513476293578,1201.9231,11041.496,True,False,True,True
PETIR,C:\Users\hafizna.fadhli\Downloads\36. DFR GANGGUAN UIT JBT\raw_data\UPT CIREBON\2025\04. APRIL\02. RECLOSE PRKAN-SMDG 2 (4 APRIL 2025)_PETIR\GI SUMEDANG\04042025 ggn smd-prkn #2\20250404_142133_423_r091.cfg,GI SUMEDANG,1,39.14779241208421,DISTANCE,Z1,single_pole,B,SLG,True,True,True,2793.856,2,79.87201,1707.26,415028.85185821314,B,1323.2049560546875,B,1.0025828507551795,0.8543699429651312,335.2879513409662,0.6856587811413217,B,0.554994888181282,9.382406926667134,60.969949232402435,1201.9231,5011.136,True,False,True,True
PETIR,C:\Users\hafizna.fadhli\Downloads\36. DFR GANGGUAN UIT JBT\raw_data\UPT CIREBON\2025\04. APRIL\06. RECLOSE KDPTN-ARJWN 2 (18 APRIL 2025)_PETIR\GI ARJWN\20250418_110258_151_r197.cfg,KADIPATEN-2,1,40.07996149240637,DISTANCE,Z1,single_pole,B,SLG,True,True,,4406.69,3,79.96797,3408.76,448687.8623241376,B,1428.7296142578125,B,0.8739518500018532,0.9029084908444731,42.64420446606133,0.5639889023422456,B,0.5385235088469559,12.915112456928751,61.69649174363797,1200.4802,11035.567,True,False,True,True
PETIR,C:\Users\hafizna.fadhli\Downloads\36. DFR GANGGUAN UIT JBT\raw_data\UPT CIREBON\2025\04. APRIL\06. RECLOSE KDPTN-ARJWN 2 (18 APRIL 2025)_PETIR\GI KDPTN\20250418_175051_488_r210.cfg,ARJAWINANGUN-2,1,39.60194197345069,DISTANCE,Z1,single_pole,B,SLG,True,True,,4416.806,2,79.96797,3417.21,140277.14157926958,B,447.513916015625,B,1.5734622568749506,5.763310372773791,47.43811881341238,0.8919445171975015,B,1.1345931646768808,9.74261497103622,41.39208773981212,1200.4802,10075.999,True,False,True,True
PETIR,C:\Users\hafizna.fadhli\Downloads\36. DFR GANGGUAN UIT JBT\raw_data\UPT CIREBON\2025\05. MEI\01. RECLOSE JATIBARANG-INDRAMAYU #1 (18 MEI 2025)_PETIR\INTERNAL\GI JTBRG4\20250518_155149_642_r193.cfg,GI JATIBARANG,1,41.53961574597263,DISTANCE,UNKNOWN,three_pole,A+B+C,3PH,True,True,True,643.86804,2,100.016,537.18,270253.03090680204,A,1234.6788330078125,A,0.6091826955391165,16.45086521802564,21.676624818570673,0.011905871064714536,C,0.6822534642079862,11.782951708323694,55.696101247054095,2398.0815,4323.059,True,False,True,True
PETIR,C:\Users\hafizna.fadhli\Downloads\36. DFR GANGGUAN UIT JBT\raw_data\UPT KARAWANG\2024\01. JANUARI\20240102_GI PURWAKARTA_BAY SUBANG #2_PETIR\Tuesday 02 January 2024 19.48.35.001.CFG,MiCOM,1,41.146851497140695,DISTANCE,Z2,three_pole,A+B+C,3PH,False,False,,,1,79.96803,849.66,1176609.1837590702,C,4169.01220703125,C,0.19948086534815068,6.08780938256082,345.4976136492264,0.050328109777861826,A,0.23612938315484783,12.083613005688887,76.71414188995807,1200.4802,3077.935,True,False,True,True
PETIR,C:\Users\hafizna.fadhli\Downloads\36. DFR GANGGUAN UIT JBT\raw_data\UPT KARAWANG\2024\01. JANUARI\20240102_GI SUBANG_BAY PURWAKARTA #1_PETIR\Tuesday 02 January 2024 20.36.12.000.CFG,BAY PURWAKARTA 1,1,39.58898878120093,DISTANCE,Z1,single_pole,A,SLG,True,True,True,5536.118,3,79.96797,2419.03,687267.1080034416,C,2164.0419921875,C,0.7454848312374405,9.905247933416081,44.71660321330875,0.2041350092335713,A,0.07614066825665743,9.2122047689835,85.64586231867611,1200.4802,7016.215,True,False,True,True
PETIR,C:\Users\hafizna.fadhli\Downloads\36. DFR GANGGUAN UIT JBT\raw_data\UPT KARAWANG\2024\01. JANUARI\20240102_GI SUBANG_BAY PURWAKARTA #2_PETIR\Tuesday 02 January 2024 19.52.57.000.CFG,BAY PURWAKARTA 2,1,39.752707707695414,DISTANCE,Z1,single_pole,C,SLG,True,False,,,1,79.96797,814.67,579850.525496947,C,1877.3809814453125,C,1.235208106835278,1.4279978102006687,354.96968397478156,0.6483413344976365,A,0.8533559277230934,3.931336243335847,49.524019389755026,1200.4802,3037.951,False,False,True,True
PETIR,C:\Users\hafizna.fadhli\Downloads\36. DFR GANGGUAN UIT JBT\raw_data\UPT KARAWANG\2024\03. MARET\20240306_GI PURWAKARTA_BAY KOSAMBI BARU_PETIR\Wednesday 06 March 2024 16.24.41.000.CFG,MiCOM,1,41.06765217089551,DISTANCE,Z1+Z3,single_pole,B,SLG,True,True,True,4876.382,2,79.96797,1760.96,649053.4582049078,B,2106.02490234375,B,1.0023091671941102,1.0762339994303192,339.50081763918337,0.0005217907210657966,B,0.5092903485460041,11.855554399453062,63.010694982545786,1200.4802,8015.959,False,False,True,True
PETIR,C:\Users\hafizna.fadhli\Downloads\36. DFR GANGGUAN UIT JBT\raw_data\UPT KARAWANG\2024\04. APRIL\20240401_GI INDORAMA_BAY CIGANEA_PETIR\01042024.CFG,BAY 70KV CIGANEA BM1805009123,7SA87-DAAA-AA0-0AAAA0-AR0111-12111B-BAA000-000AC0-CH1BA1-CB1CE0,0.05834086953120107,DISTANCE,Z1+Z2+Z3,three_pole,B+A+C,3PH,True,False,,,1,77.00002,500.12,9133.305115812867,B,27.644569396972656,B,0.9744851720652355,1.8949499744597622,0.0,0.8696880549105876,B,2.454921581197559,0.19594768863090672,22.163278452459032,7999.9995,1071.75,True,False,False,True
PETIR,C:\Users\hafizna.fadhli\Downloads\36. DFR GANGGUAN UIT JBT\raw_data\UPT KARAWANG\2024\04. APRIL\20240415_GI TATAJABAR_BAY JATILUHUR#1_PETIR\FR000001.cfg,jatiluhur tatajabar 1   Folder   7SA522 V4.7 Var,000017,0.056619039461121935,DISTANCE,UNKNOWN,three_pole,B+C+A,3PH,True,False,,,1,104.0,250.0,2764.7999254941974,B,9.71827220916748,B,0.48091056109301006,12.147651906626947,0.0,0.776234738430113,B,0.5060849679893917,2.296347854084973,63.15671384832019,999.99994,428.0,False,False,False,True
PETIR,C:\Users\hafizna.fadhli\Downloads\36. DFR GANGGUAN UIT JBT\raw_data\UPT KARAWANG\2024\04. APRIL\20240425_GI SUKATANI GOBEL_BAY KOSAMBI BARU #2_PETIR\P442 KOSAMBI BARU 2\P442 KOSAMBI BARU 2\1\DR\Wednesday 24 April 2024 19.43.55.000.CFG,MiCOM,1,70.0,DISTANCE,Z1,single_pole,A,SLG,True,False,,,1,79.96803,493.14,4841836.744935916,A,17790.5,A,0.8869995522383262,5.930532406798694,333.3129650241821,0.565160565400598,A,0.40793151995254145,3.1748659837926527,67.80790423709425,1200.4802,1518.559,True,False,True,True
PETIR,C:\Users\hafizna.fadhli\Downloads\36. DFR GANGGUAN UIT JBT\raw_data\UPT KARAWANG\2024\09. SEPTEMBER\20240925_DFR BAY JATILUHUR 2 GI TATAJABAR_PETIR\jatiluhur-ttjbr2 25-9-2024.cfg,jatilluhur 2_25-09-2024   Folder   7SA522 V4.7 Var,000321,0.056374470721890696,DISTANCE,UNKNOWN,single_pole,B,SLG,True,True,,,1,107.00001,249.0,2995.1999254941975,B,14.206463813781738,B,0.8095708827202572,23.028698312512745,0.0,0.7044360536662891,B,0.11606963947989339,2.362288698389608,83.37932506241997,999.99994,425.0,False,False,False,True
PETIR,C:\Users\hafizna.fadhli\Downloads\36. DFR GANGGUAN UIT JBT\raw_data\UPT KARAWANG\2024\09. SEPTEMBER\20240925_DFR BAY TATAJABAR 2 GI JATILUHUR_PETIR\Wednesday 25 September 2024 18.45.31.000.CFG,MiCOM,1,70.0,DISTANCE,Z1,single_pole,B,SLG,True,True,,118.899,2,100.298,117.22,1809868.1663647522,B,10904.1396484375,B,1.5753367575166235,21.206482394579446,50.20226020567228,0.4432610767804648,B,0.4859343602942895,6.864260796747832,64.08329047396357,2398.0815,5003.375,True,False,True,True
PETIR,C:\Users\hafizna.fadhli\Downloads\36. DFR GANGGUAN UIT JBT\raw_data\UPT KARAWANG\2024\11. NOVEMBER\20112024_GI PURWAKARTA_BAY CIRATA#2_PETIR\DFR GI CIRATA BAY PWKTA 2\Wednesday 20 November 2024 20.11.06.000.CFG,GI_CIRATA,1,40.84099869565339,DISTANCE,UNKNOWN,three_pole,A+B+C,3PH,False,True,True,1569.708,3,200.54198,1561.38,1181010.8097834487,B,3839.26904296875,B,0.08853922443861802,100.0,348.40561732344804,0.0031595230256894562,A,10.109646844354263,1125.6614695264461,5.6490601667816795,2403.8462,9712.472,True,False,True,True
PETIR,C:\Users\hafizna.fadhli\Downloads\36. DFR GANGGUAN UIT JBT\raw_data\UPT KARAWANG\2024\11. NOVEMBER\20112024_GI PURWAKARTA_BAY CIRATA#2_PETIR\DFR GI PWKTA bay cirata 2\Wednesday 20 November 2024 20.07.13.000.CFG,MiCOM,1,39.764577264510216,DISTANCE,Z1,three_pole,A+B+C,3PH,False,False,,,1,79.968,398.17,684697.5086861133,B,2357.366943359375,B,0.07520721540243566,9.069254608374768,354.7359165524272,0.8875476334706655,B,3.0739395448299915,478.2441692985734,-161.97949308056246,1200.4802,1518.559,True,False,True,True
PETIR,C:\Users\hafizna.fadhli\Downloads\36. DFR GANGGUAN UIT JBT\raw_data\UPT KARAWANG\2024\12. DESEMBER\01122024_GI CIRATA_BAY WALINI#2_PETIR\DFR BAY WALINI 2\PCS900_RCD_02346_20241201_184352_849.CFG,NR,LINE_DIFFERENTIAL_RELAY,42.14563493346753,DISTANCE,Z1,three_pole,A+B+C,3PH,True,True,False,,1,57.500004,220.0,5038498.9258474,A,21226.033203125,A,0.3782864267967463,4.884175966499262,10.994364138415792,0.44066077438398527,A,0.759323356676475,3.5855524238722936,52.789748577914196,1200.0,10200.0,True,False,True,True
PETIR,C:\Users\hafizna.fadhli\Downloads\36. DFR GANGGUAN UIT JBT\raw_data\UPT SALATIGA\2024\01. JANUARI\20240127_GI WONOSARI_BAY RAYUM #2_PETIR\GANGGUAN WONOSARI RARYUM 2 21012024.cfg,GI WONOSARI,RAYUM,70.0,DISTANCE,UNKNOWN,three_pole,A+B+C,3PH,True,True,,,1,1732.3959,164.48,894931.6189547795,A,2765.588623046875,C,0.3348734039009353,14.147335691799471,5.048201394827317,0.012980411961864316,A,-1.3413046336025327,97.06003186721917,143.29389506917795,19200.0,2439.9478,False,False,True,True
PETIR,"C:\Users\hafizna.fadhli\Downloads\36. DFR GANGGUAN UIT JBT\raw_data\UPT SALATIGA\2024\4.APRIL\20240426_GI KENTUNGAN_BAY PEDAN2_PETIR\DFR Eksternal GI Kentungan Bay Pedan 2\240327,063452058,0,GI KENTUNGAN,PEDAN 1-2,Qualitrol LLC.cfg",GI KENTUNGAN,PEDAN 1-2,70.0,DISTANCE,UNKNOWN,single_pole,C,LL,False,True,,1335.625,2,93.124985,312.5,1851385.197631684,C,7302.93603515625,C,0.29945456069459536,18.78888770311801,338.66627714424897,0.09644114573707166,C,0.6639861002576193,8.05703288401849,-123.58360776278379,6400.0,1571.7188,False,False,True,True
PETIR,C:\Users\hafizna.fadhli\Downloads\36. DFR GANGGUAN UIT JBT\raw_data\UPT SALATIGA\2024\4.APRIL\20240426_GI KENTUNGAN_BAY PEDAN2_PETIR\DFR Eksternal GI Pedan Bay Kentungan 2\ZQ5B.cfg,GI 150 KV PEDAN,KENTUNGAN 1-2,70.0,DISTANCE,UNKNOWN,unknown,,UNKNOWN,True,False,,,1,0.10415912,185.0,3646021.7867138176,C,9540.4169921875,C,0.7067907597028844,46.144333722742545,32.8187934679776,-0.0182613135784591,B,-0.42596099382700414,128.08047598166075,-66.92788705998052,19200.0,2239.948,True,False,True,False
BENDA_ASING,C:\Users\hafizna.fadhli\Downloads\36. DFR GANGGUAN UIT JBT\raw_data\UPT SALATIGA\2024\5. MEI\20240516_GITET PEDAN BAY KEDIRI #2_BENDA ASING\pedan kediri 2 16mei 2024\dfr internal siemens main b.CFG,pedan kediri 2 16 mei 20   Folder   7SA522 V4.7 Var,UNKNOWN,0.05791642115938861,DISTANCE,UNKNOWN,three_pole,A+B+C,3PH,False,False,,,1,185.99998,250.0,52.98624122301275,A,0.16586823761463165,A,0.0,15.791340443288233,0.0,0.026907305862610916,C,,,,999.99994,510.0,True,False,False,True
PETIR,C:\Users\hafizna.fadhli\Downloads\36. DFR GANGGUAN UIT JBT\raw_data\UPT SALATIGA\2025\03. MARET\20250309_GI WATES_BAY PURWOREJO #2_PETIR\20250309 Reclose SUTT Purworejo - Wates 2\20250309 Reclose SUTT Purworejo - Wates 2.cfg,GI 150 KV PURWOREJO,WATES 2 - KEBUMEN 2,70.0,DISTANCE,UNKNOWN,single_pole,A,SLG,True,False,,,1,98.59376,158.44,2071600.7310874583,A,7155.658203125,A,0.7901210396133498,6.885882578810593,23.561029183561377,0.015518814104037638,B,0.5495037902188855,6.362059892435891,61.211038643383155,19200.0,2439.9478,False,False,True,True
PETIR,C:\Users\hafizna.fadhli\Downloads\36. DFR GANGGUAN UIT JBT\raw_data\UPT SALATIGA\2025\04. APRIL\20250418_GI JELOK_BAY UNGARAN #1 _PETIR\DFR Eksternal GI Jelok Bay Ungaran#2\DFR Eksternal GI Jelok Bay Ungaran#2\DFR Eksternal GI Jelok Bay Ungaran#1.cfg,GI JELOK,Bay Ungaran 1-2,70.0,DISTANCE,UNKNOWN,unknown,,UNKNOWN,True,False,,,1,0.31250715,164.06,2645021.2738430565,A,8462.494140625,A,1.2792695046246556,30.508444429777075,344.4580112812946,0.45387144245364863,A,0.978597887917522,3.982394519817841,-134.380266763296,19200.0,2219.9478,False,False,True,False
PETIR,C:\Users\hafizna.fadhli\Downloads\36. DFR GANGGUAN UIT JBT\raw_data\UPT SALATIGA\2025\04. APRIL\20250418_GI JELOK_BAY UNGARAN #1 _PETIR\DFR Internal GI Jelok Bay Ungaran#1\DFR Internal GI Jelok Bay Ungaran#1\PCS900_RCD_01166_20250418_131803_662_f.cfg,NR,LINE DIFFERENTIAL RELAY,0.056883989468276726,DISTANCE,UNKNOWN,single_pole,A,SLG,True,True,False,590.8333,2,68.33333,513.33,2220.087039356806,A,8.259772300720215,A,1.2607677840705955,4.018374013598802,0.0,0.6829464716354539,A,1.0427812170465536,2.8533718177637777,43.800250905456494,1200.0,5499.1665,True,False,False,True
PETIR,"C:\Users\hafizna.fadhli\Downloads\36. DFR GANGGUAN UIT JBT\raw_data\UPT SALATIGA\2025\05. MEI\20250511_GI BOYOLALI_BAY BRINGIN#1_PETIR\GI BOYOLALI\250511,070856480,+7h0,GI 150kV BOYOLALI,BRINGIN 1-2,Qualitrol LLC.cfg",GI 150kV BOYOLALI,BRINGIN 1-2,70.0,DISTANCE,UNKNOWN,single_pole,C,SLG,True,True,,300.35156,2,79.999985,294.84,3677603.2316149003,C,12748.300552368164,C,0.8211870283334317,27.249257430704255,350.560366515286,0.33736596308328676,C,0.4107853023004154,6.544890506639133,67.66786206378161,25600.0,1369.8828,False,False,True,True
BENDA_ASING,"C:\Users\hafizna.fadhli\Downloads\36. DFR GANGGUAN UIT JBT\raw_data\UPT SALATIGA\2025\05. MEI\20250517_GITET BOYOLALI_BAY UNGARAN_BENDA ASING\BOYOLALI\Eksternal\250517,043739206,+7h0,GITET 500kV BOYOLALI,UNGARAN 1-2,Qualitrol LLC.cfg",GITET 500kV BOYOLALI,UNGARAN 1-2,275.0,DISTANCE,UNKNOWN,single_pole,B,SLG,True,True,,305.35156,2,130.5078,294.84,2796015.6874958207,B,8853.396484375,B,1.3033994741363986,56.70638990442687,29.432934358230714,0.6752843333837273,B,0.18052392005913287,15.887084869377926,79.76695260158944,25600.0,839.02344,False,False,True,True
HEWAN,C:\Users\hafizna.fadhli\Downloads\36. DFR GANGGUAN UIT JBT\raw_data\UPT SALATIGA\2025\07. JULI\2025_07_06 PURWOREJO - WALIN #1 RECLOSE_ HEWAN ULAR\PURWOREJO BAY WALIN #2\RECLOSE WALINT 2 06072025\2025-07-06-04-28-57-256_034(0)_S.cfg,CSC101M1,2,0.055971250103932724,DISTANCE,Z1,single_pole,B,SLG,True,True,,142.5,2,70.0,72.5,2110.0211109402135,B,9.642569541931152,B,1.1477513221460818,10.539838608242047,0.0,0.45185756935588084,B,0.3617229815162369,4.20751474300578,70.1137782890759,1200.0,570.0,True,False,False,True
LAYANG,"C:\Users\hafizna.fadhli\Downloads\36. DFR GANGGUAN UIT JBT\raw_data\UPT SALATIGA\2025\09. SEPTEMBER\20250902_SUTT KENTUNGAN-SANGGRAHAN RELCOSE_LAYANG-LAYANG\GI SANGGRAHAN BAY KENTUNGAN\250902,190425878,0h0,GI SANGGRAHAN,MDARI-KNTUG,Qualitrol LLC.cfg",GI SANGGRAHAN,MDARI-KNTUG,70.0,DISTANCE,UNKNOWN,unknown,,UNKNOWN,False,False,,,1,51.87501,145.0,895941.230963347,B,1809.30419921875,B,0.0015008147847426349,17.585445800629135,333.8549361614266,0.002371000725495279,A,-9.115813156877666,204.2171116894693,173.73971451063525,6400.0,686.71875,False,False,True,True
LAYANG,C:\Users\hafizna.fadhli\Downloads\36. DFR GANGGUAN UIT JBT\raw_data\UPT SALATIGA\2025\09. SEPTEMBER\20250902_SUTT KENTUNGAN-SANGGRAHAN RELCOSE_LAYANG-LAYANG\GI SANGGRAHAN BAY KENTUNGAN\Rekaman_1.cfg,CSC101M1,2,0.055949693007075925,DISTANCE,Z1,three_pole,A+B+C,3PH,True,True,False,,1,43.333336,81.67,764.9232135266033,A,1.5395699739456177,A,0.9893052615637101,100.0,0.0,0.8297133352630867,A,,,,1200.0,570.0,False,False,False,True
LAYANG,C:\Users\hafizna.fadhli\Downloads\36. DFR GANGGUAN UIT JBT\raw_data\UPT SALATIGA\2025\09. SEPTEMBER\20250902_SUTT KENTUNGAN-SANGGRAHAN RELCOSE_LAYANG-LAYANG\GI SANGGRAHAN BAY KENTUNGAN\Rekaman_2.cfg,CSC101M1,2,0.05591673444367288,DISTANCE,Z1,three_pole,A+B+C,3PH,True,True,False,,1,43.333336,72.5,836.2296199966501,B,1.6908260583877563,B,0.9985272476784188,100.0,0.0,0.9154068466487421,B,,,,1200.0,570.0,False,False,False,True
LAYANG,C:\Users\hafizna.fadhli\Downloads\36. DFR GANGGUAN UIT JBT\raw_data\UPT SALATIGA\2025\09. SEPTEMBER\20250902_SUTT KENTUNGAN-SANGGRAHAN RELCOSE_LAYANG-LAYANG\GI SANGGRAHAN BAY KENTUNGAN\Rekaman_3.cfg,CSC101M1,2,0.055788540671703996,DISTANCE,Z1,three_pole,A+B+C,3PH,True,True,False,,1,43.333336,72.5,1079.3195314125085,B,2.025749921798706,B,1.0034350979489213,100.0,0.0,0.8995988761143375,B,,,,1200.0,570.0,False,False,False,True
KONDUKTOR,C:\Users\hafizna.fadhli\Downloads\36. DFR GANGGUAN UIT JBT\raw_data\UPT SALATIGA\2025\10. OKTOBER\17_10_2025_GI PEDAN-KLATEN 1 2_Tower Roboh\25.10.17 19.19.03.000.000.CFG,BAY PEDAN 2,1,70.0,DISTANCE,Z1,unknown,A+B,DLG,True,True,,992.93604,4,276.55597,991.27,2318112.3084187075,B,8077.5498046875,B,1.2699853753741197,3.0494357050892518,320.13146139318036,0.8533599637216182,B,3.2283442621909058,92.53042477567126,-162.78930304645178,1200.4802,8215.88,False,False,True,True
KONDUKTOR,"C:\Users\hafizna.fadhli\Downloads\36. DFR GANGGUAN UIT JBT\raw_data\UPT SALATIGA\2025\10. OKTOBER\17_10_2025_GI PEDAN-KLATEN 1 2_Tower Roboh\Relai Distance Bay Pedan 1\251017,180104009,UTC,,P443 BAY PEDAN 1,GE.cfg",BAY PEDAN 1,1,70.0,DISTANCE,Z1,single_pole,B,SLG,True,False,,,1,100.38501,891.02,750254.8412365742,A,2402.93994140625,A,1.0021997493671748,3.9768490881563032,348.9032248321391,-0.004607825047012504,B,0.16338347691447136,15.349625810298603,80.72080344978811,2403.8462,3620.727,True,False,True,True
KONDUKTOR,C:\Users\hafizna.fadhli\Downloads\36. DFR GANGGUAN UIT JBT\raw_data\UPT SALATIGA\2025\10. OKTOBER\17_10_2025_GI PEDAN-KLATEN 1 2_Tower Roboh\Rele Distance GI Klaten Bay Pedan 2\20251017_111903_126_r103.cfg,BAY PEDAN 2,1,70.0,DISTANCE,Z1,unknown,A+B,DLG,True,True,,992.93604,4,276.55597,991.27,2318054.350665171,B,8077.34814453125,B,1.2699853781885488,3.0494356451322293,320.13146001194343,0.8533599652915906,B,3.2283442430302047,92.5157220605175,-162.78930295033837,1200.4802,8215.88,False,False,True,True
PETIR,C:\Users\hafizna.fadhli\Downloads\36. DFR GANGGUAN UIT JBT\raw_data\UPT SALATIGA\2026\02. Februari\20260209_SUTT BANTUL - SEMANU #1 & #2 RECLOSE_PETIR)\20260209 Reclose Semanu - Bantul 1 Internal Relay.CFG,NR,LINE_DISTANCE_RELAY,0.029185533256427393,DISTANCE,UNKNOWN,three_pole,A+B+C,3PH,True,True,False,,1,60.833336,264.17,991.4397536055803,A,3.498371124267578,A,1.5163220269918367,4.077982435903015,0.0,0.8283353928346916,B,1.0283438134067857,5.052333092811881,44.199408314920674,1200.0,9999.166,True,False,False,True
PETIR,"C:\Users\hafizna.fadhli\Downloads\36. DFR GANGGUAN UIT JBT\raw_data\UPT SALATIGA\2026\02. Februari\20260209_SUTT BANTUL - SEMANU #1 & #2 RECLOSE_PETIR)\260209,130121218,+7h0,GI BANTUL,SEMANU 1-2,Qualitrol LLC.cfg",GI BANTUL,SEMANU 1-2,70.0,DISTANCE,UNKNOWN,three_pole,A+B+C,3PH,True,False,,,1,66.25,127.5,1416624.2992421456,A,4316.01416015625,A,0.362128725031564,35.08145450887296,317.4114036029926,0.2148601875715157,A,0.8971684816986789,10.268592864388438,48.10254587588944,6400.0,2894.2188,False,False,True,True
PETIR,C:\Users\hafizna.fadhli\Downloads\36. DFR GANGGUAN UIT JBT\raw_data\UPT SALATIGA\2026\02. Februari\20260209_SUTT BANTUL - SEMANU #1 & #2 RECLOSE_PETIR)\GI Bantul Bay Semanu 2 DFR Relay\20260209_125935_326_r066.cfg,BAY SEMANU 2,1,70.0,DISTANCE,Z1,three_pole,A+B+C,3PH,True,True,,1006.264,2,79.96797,1004.6,981607.7941190138,B,3443.368896484375,B,0.37728776450364093,7.3017145735519335,42.66182846766398,0.47305872663397625,B,1.3504630106827058,30.104427176662142,36.51945849042275,1200.4802,5097.127,True,False,True,True
PETIR,C:\Users\hafizna.fadhli\Downloads\36. DFR GANGGUAN UIT JBT\raw_data\UPT SALATIGA\2026\02. Februari\2026_02_19_SUTT PEDAN - WONOSARI #1 Reclose_PETIR\PEDAN-WONOSARI #1 Internal.CFG,NR,LINE_DIFFERENTIAL_RELAY,70.0,DISTANCE,UNKNOWN,single_pole,B,SLG,True,True,True,,1,65.83333,215.83,4147364.840980353,B,15823.6181640625,B,0.6219195090284199,5.551998639859247,335.09773220558344,0.5170123226998237,B,0.3758140467910692,4.046925213224188,69.40307459793169,1200.0,6885.8335,True,False,True,True
PETIR,C:\Users\hafizna.fadhli\Downloads\36. DFR GANGGUAN UIT JBT\raw_data\UPT SALATIGA\2026\02. Februari\2026_02_19_SUTT PEDAN - WONOSARI #1 Reclose_PETIR\ZQA4.cfg,GI PEDAN,WONOSARI 1 2,70.0,DISTANCE,UNKNOWN,unknown,,UNKNOWN,True,True,,136.1979,3,179.79166,133.12,13158805.931367582,B,13354.9267578125,B,0.6192920634210797,3.7890183218209716,320.25734789474865,0.5041039441365428,B,6.967877173938801,47.83826544897729,8.167078686031266,19200.0,2239.948,True,False,True,True
PETIR,C:\Users\hafizna.fadhli\Downloads\36. DFR GANGGUAN UIT JBT\raw_data\UPT SEMARANG\2024\04. APRIL 2024\20240421_GI TANJUNGJATI_BAY JEPARA #2_PETIR\20240421 GI JEPARA BAY TANJUNGJATI 2\GIJPR BAY TJT2\20240421.CFG,JEPARA-TJ JATI 2,1,70.0,DISTANCE,Z1,single_pole,C,SLG,True,True,True,1996.596,3,80.063995,999.13,1531630.690550419,C,5189.080078125,C,1.0940347741514873,7.403407685344922,0.1144303849982737,0.41192416158902423,C,0.70049845547138,12.270778449118371,54.98881691055079,1199.0408,4062.678,True,False,True,True
PETIR,C:\Users\hafizna.fadhli\Downloads\36. DFR GANGGUAN UIT JBT\raw_data\UPT SEMARANG\2024\11. NOVEMBER 2024\20241121_GI JEPARA_BAY TANJUNGJATI#1_PETIR\20241121_GI TANJUNGJATI_BAY JEPARA#1_DFR\211124 Internal SISI Tjati\24.11.21 11.55.31.000.000.CFG,JEPARA LINE 1,1,70.0,DISTANCE,Z1,single_pole,A,SLG,True,True,,1987.538,2,79.96803,991.27,2785714.3648784617,A,9264.3203125,A,0.7751096960396651,1.1783286691704409,354.4817750818722,0.2555494723490265,A,0.3905168120229492,9.393777866462377,68.66851898936703,1200.4802,4017.5352,True,False,True,True
PETIR,C:\Users\hafizna.fadhli\Downloads\36. DFR GANGGUAN UIT JBT\raw_data\UPT SEMARANG\2025_DFR GANGGUAN\04. APRIL 2025_DFR_SMG\20250413_GITET UNGARAN BAY KRIAN (PETIR)\13_4_2025 DFR Internal Ungaran - Krian\LPA .CFG,BAY KRIAN,1,275.0,DISTANCE,Z1,single_pole,C,SLG,True,False,,,1,100.30699,501.28,10669552.849924767,C,46655.703125,C,1.0591911443873205,28.434165578946747,354.1919254274458,0.9252952255110236,C,0.6182091176011186,0.8160439115673896,58.27526538235587,2403.8462,2515.7239,True,False,True,True
PETIR,C:\Users\hafizna.fadhli\Downloads\36. DFR GANGGUAN UIT JBT\raw_data\UPT SEMARANG\2025_DFR GANGGUAN\04. APRIL 2025_DFR_SMG\20250413_GITET UNGARAN BAY KRIAN (PETIR)\13_4_2025 DFR Internal Ungaran - Krian\LPB.CFG,GITET UNGARAN,1,275.0,DISTANCE,Z1,unknown,,UNKNOWN,True,False,,,1,48.795998,616.53,10662912.92910174,C,46683.32421875,C,1.0592961034803356,2.9766757638988124,339.48688474823086,0.9261090921632107,C,-1.9670613046804721,315.1951401655618,-26.947534617322788,2403.8462,3015.0361,True,False,True,True
